"rules","support","confidence","lift"
"1","{V12*1} => {V6*1}",0.302,0.986928104575163,1.03451583288801
"2","{V12*1} => {V27*1}",0.3,0.980392156862745,1.01489871310843
"3","{V12*1} => {V17*1}",0.302,0.986928104575163,1.00706949446445
"4","{V12*1} => {V26*1}",0.304,0.993464052287582,1.00349904271473
"5","{V12*1} => {V20*1}",0.304,0.993464052287582,0.999460817190726
"6","{V12*1} => {V30*1}",0.304,0.993464052287582,0.995454962212006
"7","{V16*0} => {V24*1}",0.31,0.962732919254658,1.0155410540661
"8","{V16*0} => {V11*1}",0.312,0.968944099378882,1.01994115724093
"9","{V16*0} => {V36*1}",0.31,0.962732919254658,1.00915400341159
"10","{V16*0} => {V6*1}",0.304,0.944099378881988,0.989621990442335
"11","{V16*0} => {V25*2}",0.312,0.968944099378882,1.01566467440134
"12","{V16*0} => {V27*1}",0.31,0.962732919254658,0.99661792883505
"13","{V16*0} => {V17*1}",0.304,0.944099378881988,0.963366713144885
"14","{V16*0} => {V26*1}",0.316,0.981366459627329,0.991279252148817
"15","{V16*0} => {V20*1}",0.32,0.993788819875776,0.999787545146656
"16","{V16*0} => {V30*1}",0.322,1,1.00200400801603
"17","{V7*1} => {V14*0}",0.314,0.821989528795812,2.1076654584508
"18","{V14*0} => {V7*1}",0.314,0.805128205128205,2.1076654584508
"19","{V7*1} => {V13*1}",0.362,0.947643979057592,2.41745913024896
"20","{V13*1} => {V7*1}",0.362,0.923469387755102,2.41745913024896
"21","{V7*1} => {V8*1}",0.362,0.947643979057592,2.39304035115553
"22","{V8*1} => {V7*1}",0.362,0.914141414141414,2.39304035115553
"23","{V7*1} => {V5*1}",0.352,0.921465968586387,2.32693426410704
"24","{V5*1} => {V7*1}",0.352,0.888888888888889,2.32693426410704
"25","{V7*1} => {V18*1}",0.318,0.832460732984293,1.26513789207339
"26","{V7*1} => {V4*2}",0.316,0.827225130890052,1.21650754542655
"27","{V7*1} => {V15*1}",0.32,0.837696335078534,1.21405265953411
"28","{V7*1} => {V19*1}",0.33,0.863874345549738,1.20990804698843
"29","{V7*1} => {V21*2}",0.34,0.890052356020942,1.19953147711717
"30","{V7*1} => {V2*2}",0.338,0.884816753926702,1.1461356916149
"31","{V7*1} => {V1*2}",0.346,0.905759162303665,1.14363530593897
"32","{V7*1} => {V31*1}",0.356,0.931937172774869,1.17372439896079
"33","{V7*1} => {V22*2}",0.348,0.910994764397906,1.13590369625674
"34","{V7*1} => {V37*1}",0.31,0.81151832460733,0.992076191451503
"35","{V7*1} => {V23*2}",0.362,0.947643979057592,1.07199545142261
"36","{V7*1} => {V3*1}",0.346,0.905759162303665,1.0177069239367
"37","{V7*1} => {V28*0}",0.372,0.973821989528796,1.09172868781255
"38","{V7*1} => {V29*0}",0.374,0.979057591623037,1.08063751834772
"39","{V7*1} => {V9*1}",0.354,0.926701570680628,1.02059644348087
"40","{V7*1} => {V24*1}",0.374,0.979057591623037,1.03276117259814
"41","{V7*1} => {V11*1}",0.362,0.947643979057592,0.99751997795536
"42","{V7*1} => {V36*1}",0.362,0.947643979057592,0.993337504253241
"43","{V7*1} => {V6*1}",0.372,0.973821989528796,1.02077776680167
"44","{V7*1} => {V25*2}",0.374,0.979057591623037,1.02626581931136
"45","{V7*1} => {V27*1}",0.376,0.984293193717278,1.01893705353755
"46","{V7*1} => {V17*1}",0.38,0.994764397905759,1.01506571214873
"47","{V7*1} => {V26*1}",0.38,0.994764397905759,1.00481252313713
"48","{V7*1} => {V20*1}",0.382,1,1.00603621730382
"49","{V7*1} => {V30*1}",0.38,0.994764397905759,0.996757913733226
"50","{V14*0} => {V13*1}",0.34,0.871794871794872,2.2239665096808
"51","{V13*1} => {V14*0}",0.34,0.86734693877551,2.2239665096808
"52","{V14*0} => {V8*1}",0.32,0.82051282051282,2.07200207200207
"53","{V8*1} => {V14*0}",0.32,0.808080808080808,2.07200207200207
"54","{V14*0} => {V5*1}",0.332,0.851282051282051,2.14970214970215
"55","{V5*1} => {V14*0}",0.332,0.838383838383838,2.14970214970215
"56","{V14*0} => {V18*1}",0.344,0.882051282051282,1.34050346816304
"57","{V14*0} => {V4*2}",0.35,0.897435897435897,1.31975867269985
"58","{V14*0} => {V15*1}",0.348,0.892307692307692,1.29319955406912
"59","{V14*0} => {V19*1}",0.35,0.897435897435897,1.2569130216189
"60","{V14*0} => {V21*2}",0.366,0.938461538461538,1.26477296288617
"61","{V14*0} => {V2*2}",0.368,0.943589743589744,1.2222665072406
"62","{V14*0} => {V1*2}",0.368,0.943589743589744,1.19140119140119
"63","{V14*0} => {V31*1}",0.384,0.984615384615385,1.24006975392366
"64","{V14*0} => {V22*2}",0.372,0.953846153846154,1.18933435641665
"65","{V14*0} => {V37*1}",0.316,0.81025641025641,0.990533508870917
"66","{V14*0} => {V23*2}",0.376,0.964102564102564,1.09061376029702
"67","{V14*0} => {V3*1}",0.356,0.912820512820513,1.02564102564103
"68","{V14*0} => {V28*0}",0.388,0.994871794871795,1.11532712429573
"69","{V14*0} => {V29*0}",0.388,0.994871794871795,1.09809248882097
"70","{V14*0} => {V9*1}",0.352,0.902564102564103,0.994013328815091
"71","{V14*0} => {V24*1}",0.386,0.98974358974359,1.04403332251434
"72","{V14*0} => {V11*1}",0.37,0.948717948717949,0.998650472334683
"73","{V14*0} => {V36*1}",0.372,0.953846153846154,0.999838735687792
"74","{V14*0} => {V6*1}",0.376,0.964102564102564,1.01058968983497
"75","{V14*0} => {V25*2}",0.382,0.979487179487179,1.02671612105574
"76","{V14*0} => {V27*1}",0.39,1,1.0351966873706
"77","{V14*0} => {V17*1}",0.39,1,1.02040816326531
"78","{V14*0} => {V26*1}",0.388,0.994871794871795,1.004921004921
"79","{V14*0} => {V20*1}",0.39,1,1.00603621730382
"80","{V14*0} => {V30*1}",0.39,1,1.00200400801603
"81","{V13*1} => {V8*1}",0.364,0.928571428571429,2.34487734487734
"82","{V8*1} => {V13*1}",0.364,0.919191919191919,2.34487734487735
"83","{V13*1} => {V5*1}",0.38,0.969387755102041,2.44794887652031
"84","{V5*1} => {V13*1}",0.38,0.95959595959596,2.44794887652031
"85","{V13*1} => {V18*1}",0.336,0.857142857142857,1.30264871906209
"86","{V13*1} => {V4*2}",0.33,0.841836734693878,1.23799519807923
"87","{V13*1} => {V15*1}",0.334,0.852040816326531,1.23484176279207
"88","{V13*1} => {V19*1}",0.346,0.88265306122449,1.23620876922197
"89","{V13*1} => {V21*2}",0.356,0.908163265306122,1.22393971065515
"90","{V13*1} => {V2*2}",0.356,0.908163265306122,1.17637728666596
"91","{V13*1} => {V1*2}",0.36,0.918367346938776,1.1595547309833
"92","{V13*1} => {V31*1}",0.374,0.954081632653061,1.20161414691821
"93","{V13*1} => {V22*2}",0.364,0.928571428571429,1.15781973637335
"94","{V13*1} => {V37*1}",0.32,0.816326530612245,0.9979541939025
"95","{V13*1} => {V23*2}",0.376,0.959183673469388,1.08504940437714
"96","{V13*1} => {V3*1}",0.354,0.903061224489796,1.0146755331346
"97","{V13*1} => {V28*0}",0.384,0.979591836734694,1.09819712638419
"98","{V13*1} => {V29*0}",0.384,0.979591836734694,1.0812271928639
"99","{V13*1} => {V9*1}",0.354,0.903061224489796,0.994560819922683
"100","{V13*1} => {V24*1}",0.388,0.989795918367347,1.04408852148454
"101","{V13*1} => {V11*1}",0.372,0.948979591836735,0.998925886143931
"102","{V13*1} => {V36*1}",0.372,0.948979591836735,0.994737517648569
"103","{V13*1} => {V6*1}",0.382,0.974489795918367,1.02147777349934
"104","{V13*1} => {V25*2}",0.384,0.979591836734694,1.02682582466949
"105","{V13*1} => {V27*1}",0.388,0.989795918367347,1.02463345586682
"106","{V13*1} => {V17*1}",0.392,1,1.02040816326531
"107","{V13*1} => {V26*1}",0.39,0.994897959183674,1.00494743351886
"108","{V13*1} => {V20*1}",0.392,1,1.00603621730382
"109","{V13*1} => {V30*1}",0.39,0.994897959183674,0.996891742669011
"110","{V8*1} => {V5*1}",0.352,0.888888888888889,2.24466891133558
"111","{V5*1} => {V8*1}",0.352,0.888888888888889,2.24466891133558
"112","{V8*1} => {V18*1}",0.33,0.833333333333333,1.26646403242148
"113","{V8*1} => {V4*2}",0.322,0.813131313131313,1.19578134284017
"114","{V8*1} => {V15*1}",0.326,0.823232323232323,1.19309032352511
"115","{V8*1} => {V19*1}",0.342,0.863636363636364,1.2095747389865
"116","{V8*1} => {V21*2}",0.352,0.888888888888889,1.19796346211441
"117","{V8*1} => {V2*2}",0.354,0.893939393939394,1.15795258282305
"118","{V8*1} => {V1*2}",0.358,0.904040404040404,1.14146515661667
"119","{V8*1} => {V31*1}",0.374,0.944444444444444,1.18947663028268
"120","{V8*1} => {V22*2}",0.362,0.914141414141414,1.13982719967757
"121","{V8*1} => {V37*1}",0.318,0.803030303030303,0.981699636956361
"122","{V8*1} => {V23*2}",0.374,0.944444444444444,1.06837606837607
"123","{V8*1} => {V3*1}",0.36,0.909090909090909,1.02145045965271
"124","{V8*1} => {V28*0}",0.38,0.95959595959596,1.07578022376229
"125","{V8*1} => {V29*0}",0.384,0.96969696969697,1.0703057060673
"126","{V8*1} => {V9*1}",0.354,0.893939393939394,0.984514751034575
"127","{V8*1} => {V24*1}",0.386,0.974747474747475,1.02821463580957
"128","{V8*1} => {V11*1}",0.372,0.939393939393939,0.988835725677831
"129","{V8*1} => {V36*1}",0.374,0.944444444444444,0.98998369438621
"130","{V8*1} => {V6*1}",0.386,0.974747474747475,1.02174787709379
"131","{V8*1} => {V25*2}",0.388,0.97979797979798,1.02704190754505
"132","{V8*1} => {V27*1}",0.392,0.98989898989899,1.02474015517494
"133","{V8*1} => {V17*1}",0.392,0.98989898989899,1.01010101010101
"134","{V8*1} => {V26*1}",0.394,0.994949494949495,1.00499948984797
"135","{V8*1} => {V20*1}",0.396,1,1.00603621730382
"136","{V8*1} => {V30*1}",0.394,0.994949494949495,0.996943381712921
"137","{V5*1} => {V18*1}",0.336,0.848484848484849,1.28949065119278
"138","{V5*1} => {V4*2}",0.332,0.838383838383838,1.232917409388
"139","{V5*1} => {V15*1}",0.336,0.848484848484849,1.22968818620993
"140","{V5*1} => {V19*1}",0.346,0.873737373737374,1.22372181195711
"141","{V5*1} => {V21*2}",0.358,0.904040404040404,1.21838329385499
"142","{V5*1} => {V2*2}",0.36,0.909090909090909,1.17757889778615
"143","{V5*1} => {V1*2}",0.362,0.914141414141414,1.15421895724926
"144","{V5*1} => {V31*1}",0.374,0.944444444444444,1.18947663028268
"145","{V5*1} => {V22*2}",0.368,0.929292929292929,1.15871936320814
"146","{V5*1} => {V37*1}",0.32,0.808080808080808,0.987873848509545
"147","{V5*1} => {V23*2}",0.38,0.95959595959596,1.08551579139814
"148","{V5*1} => {V3*1}",0.358,0.904040404040404,1.01577573487686
"149","{V5*1} => {V28*0}",0.386,0.974747474747475,1.09276622729538
"150","{V5*1} => {V29*0}",0.39,0.984848484848485,1.0870292327246
"151","{V5*1} => {V9*1}",0.358,0.904040404040404,0.995639211498242
"152","{V5*1} => {V24*1}",0.392,0.98989898989899,1.04419724672889
"153","{V5*1} => {V11*1}",0.374,0.944444444444444,0.994152046783626
"154","{V5*1} => {V36*1}",0.374,0.944444444444444,0.98998369438621
"155","{V5*1} => {V6*1}",0.376,0.94949494949495,0.995277724837473
"156","{V5*1} => {V25*2}",0.388,0.97979797979798,1.02704190754505
"157","{V5*1} => {V27*1}",0.39,0.984848484848485,1.01951188907711
"158","{V5*1} => {V17*1}",0.396,1,1.02040816326531
"159","{V5*1} => {V26*1}",0.394,0.994949494949495,1.00499948984797
"160","{V5*1} => {V20*1}",0.394,0.994949494949495,1.00095522630734
"161","{V5*1} => {V30*1}",0.394,0.994949494949495,0.996943381712921
"162","{V16*1} => {V21*2}",0.3,0.742574257425743,1.00077393184062
"163","{V16*1} => {V2*2}",0.304,0.752475247524752,0.974708869850716
"164","{V16*1} => {V1*2}",0.31,0.767326732673267,0.968846884688469
"165","{V16*1} => {V31*1}",0.32,0.792079207920792,0.997580866398982
"166","{V16*1} => {V22*2}",0.312,0.772277227722772,0.962939186686748
"167","{V16*1} => {V37*1}",0.324,0.801980198019802,0.980415889999758
"168","{V16*1} => {V23*2}",0.348,0.861386138613861,0.97441870883921
"169","{V16*1} => {V3*1}",0.354,0.876237623762376,0.984536655912782
"170","{V16*1} => {V28*0}",0.36,0.891089108910891,0.998978821648981
"171","{V16*1} => {V29*0}",0.372,0.920792079207921,1.01632679824274
"172","{V16*1} => {V9*1}",0.368,0.910891089108911,1.00318401884241
"173","{V16*1} => {V24*1}",0.376,0.930693069306931,0.981743743994653
"174","{V16*1} => {V11*1}",0.384,0.95049504950495,1.00052110474205
"175","{V16*1} => {V36*1}",0.388,0.96039603960396,1.00670444402931
"176","{V16*1} => {V6*1}",0.392,0.97029702970297,1.01708284035951
"177","{V16*1} => {V25*2}",0.38,0.940594059405941,0.98594765136891
"178","{V16*1} => {V27*1}",0.39,0.965346534653465,0.999323534837956
"179","{V16*1} => {V17*1}",0.404,1,1.02040816326531
"180","{V16*1} => {V26*1}",0.402,0.995049504950495,1.00510051005101
"181","{V16*1} => {V20*1}",0.402,0.995049504950495,1.00105583999044
"182","{V16*1} => {V30*1}",0.404,1,1.00200400801603
"183","{V12*2} => {V8*2}",0.396,0.88,1.65413533834586
"184","{V8*2} => {V12*2}",0.396,0.744360902255639,1.65413533834586
"185","{V12*2} => {V5*2}",0.402,0.893333333333333,1.6729088639201
"186","{V5*2} => {V12*2}",0.402,0.752808988764045,1.6729088639201
"187","{V12*2} => {V7*2}",0.398,0.884444444444444,1.63181631816318
"188","{V7*2} => {V12*2}",0.398,0.734317343173432,1.63181631816318
"189","{V12*2} => {V13*2}",0.428,0.951111111111111,1.69236852510874
"190","{V13*2} => {V12*2}",0.428,0.761565836298932,1.69236852510874
"191","{V12*2} => {V14*1}",0.426,0.946666666666667,1.55191256830601
"192","{V14*1} => {V12*2}",0.426,0.698360655737705,1.55191256830601
"193","{V12*2} => {V33*1}",0.374,0.831111111111111,1.22222222222222
"194","{V12*2} => {V32*1}",0.384,0.853333333333333,1.23671497584541
"195","{V12*2} => {V35*1}",0.398,0.884444444444444,1.24569640062598
"196","{V12*2} => {V34*1}",0.414,0.92,1.23989218328841
"197","{V12*2} => {V1*2}",0.31,0.688888888888889,0.869809203142537
"198","{V12*2} => {V31*1}",0.304,0.675555555555556,0.850825636719843
"199","{V12*2} => {V22*2}",0.314,0.697777777777778,0.87004710446107
"200","{V12*2} => {V37*1}",0.44,0.977777777777778,1.19532735669655
"201","{V12*2} => {V23*2}",0.368,0.817777777777778,0.925087983911513
"202","{V12*2} => {V3*1}",0.39,0.866666666666667,0.973782771535581
"203","{V12*2} => {V28*0}",0.378,0.84,0.94170403587444
"204","{V12*2} => {V29*0}",0.384,0.853333333333333,0.94186902133922
"205","{V12*2} => {V9*1}",0.408,0.906666666666667,0.998531571218796
"206","{V12*2} => {V24*1}",0.414,0.92,0.970464135021097
"207","{V12*2} => {V11*1}",0.44,0.977777777777778,1.02923976608187
"208","{V12*2} => {V36*1}",0.442,0.982222222222222,1.02958304216166
"209","{V12*2} => {V6*1}",0.422,0.937777777777778,0.982995574190543
"210","{V12*2} => {V25*2}",0.42,0.933333333333333,0.978336827393431
"211","{V12*2} => {V27*1}",0.424,0.942222222222222,0.97538532321141
"212","{V12*2} => {V17*1}",0.438,0.973333333333333,0.993197278911565
"213","{V12*2} => {V26*1}",0.442,0.982222222222222,0.992143658810325
"214","{V12*2} => {V20*1}",0.448,0.995555555555556,1.00156494522692
"215","{V12*2} => {V30*1}",0.45,1,1.00200400801603
"216","{V10*0} => {V14*1}",0.328,0.70995670995671,1.16386345894543
"217","{V10*0} => {V18*1}",0.328,0.70995670995671,1.07896156528375
"218","{V10*0} => {V4*2}",0.334,0.722943722943723,1.06315253374077
"219","{V10*0} => {V15*1}",0.346,0.748917748917749,1.08538804190978
"220","{V10*0} => {V19*1}",0.35,0.757575757575758,1.06103047279518
"221","{V10*0} => {V21*2}",0.366,0.792207792207792,1.06766548815066
"222","{V10*0} => {V2*2}",0.374,0.80952380952381,1.04860597088576
"223","{V10*0} => {V1*2}",0.384,0.831168831168831,1.04945559491014
"224","{V10*0} => {V31*1}",0.362,0.783549783549784,0.986838518324664
"225","{V10*0} => {V22*2}",0.388,0.83982683982684,1.04716563569431
"226","{V10*0} => {V37*1}",0.33,0.714285714285714,0.873209919664687
"227","{V10*0} => {V23*2}",0.424,0.917748917748918,1.03817750876574
"228","{V10*0} => {V3*1}",0.424,0.917748917748918,1.03117855926845
"229","{V10*0} => {V28*0}",0.42,0.909090909090909,1.01916021198532
"230","{V10*0} => {V29*0}",0.426,0.922077922077922,1.01774605085863
"231","{V10*0} => {V9*1}",0.41,0.887445887445887,0.977363312165074
"232","{V10*0} => {V24*1}",0.448,0.96969696969697,1.02288709883647
"233","{V10*0} => {V11*1}",0.438,0.948051948051948,0.99794941900205
"234","{V10*0} => {V36*1}",0.44,0.952380952380952,0.998302885095338
"235","{V10*0} => {V6*1}",0.438,0.948051948051948,0.993765144708541
"236","{V10*0} => {V25*2}",0.448,0.96969696969697,1.01645384664253
"237","{V10*0} => {V27*1}",0.448,0.96969696969697,1.00382709078361
"238","{V10*0} => {V17*1}",0.446,0.965367965367965,0.985069352416291
"239","{V10*0} => {V26*1}",0.456,0.987012987012987,0.996982815164633
"240","{V10*0} => {V20*1}",0.456,0.987012987012987,0.992970811884293
"241","{V10*0} => {V30*1}",0.462,1,1.00200400801603
"242","{V8*2} => {V5*2}",0.486,0.913533834586466,1.71073751795218
"243","{V5*2} => {V8*2}",0.486,0.910112359550562,1.71073751795218
"244","{V8*2} => {V7*2}",0.504,0.947368421052632,1.74791221596426
"245","{V7*2} => {V8*2}",0.504,0.929889298892989,1.74791221596426
"246","{V8*2} => {V13*2}",0.516,0.969924812030075,1.72584486126348
"247","{V13*2} => {V8*2}",0.516,0.918149466192171,1.72584486126348
"248","{V8*2} => {V14*1}",0.51,0.958646616541353,1.57155183039566
"249","{V14*1} => {V8*2}",0.51,0.836065573770492,1.57155183039566
"250","{V8*2} => {V33*1}",0.368,0.691729323308271,1.0172490048651
"251","{V8*2} => {V32*1}",0.372,0.699248120300752,1.01340307289964
"252","{V8*2} => {V35*1}",0.386,0.725563909774436,1.0219209996823
"253","{V8*2} => {V34*1}",0.408,0.766917293233083,1.03358125772653
"254","{V8*2} => {V21*2}",0.326,0.612781954887218,0.825851691222666
"255","{V8*2} => {V2*2}",0.356,0.669172932330827,0.866804316490709
"256","{V8*2} => {V1*2}",0.366,0.68796992481203,0.868648894964685
"257","{V8*2} => {V31*1}",0.36,0.676691729323308,0.852256586049507
"258","{V8*2} => {V22*2}",0.374,0.703007518796993,0.876567978549866
"259","{V8*2} => {V37*1}",0.436,0.819548872180451,1.00189348677317
"260","{V8*2} => {V23*2}",0.44,0.827067669172932,0.935596910829109
"261","{V8*2} => {V3*1}",0.468,0.879699248120301,0.988426121483484
"262","{V8*2} => {V28*0}",0.446,0.838345864661654,0.93984962406015
"263","{V8*2} => {V29*0}",0.452,0.849624060150376,0.93777490082823
"264","{V8*2} => {V9*1}",0.512,0.962406015037594,1.05991851876387
"265","{V8*2} => {V24*1}",0.492,0.924812030075188,0.975540116113067
"266","{V8*2} => {V11*1}",0.51,0.958646616541353,1.00910170162248
"267","{V8*2} => {V36*1}",0.512,0.962406015037594,1.00881133651739
"268","{V8*2} => {V6*1}",0.5,0.93984962406015,0.985167320817768
"269","{V8*2} => {V25*2}",0.494,0.928571428571429,0.973345312967954
"270","{V8*2} => {V27*1}",0.506,0.951127819548872,0.984604368063015
"271","{V8*2} => {V17*1}",0.516,0.969924812030075,0.989719195949056
"272","{V8*2} => {V26*1}",0.524,0.984962406015038,0.994911521227311
"273","{V8*2} => {V20*1}",0.526,0.988721804511278,0.994689944176336
"274","{V8*2} => {V30*1}",0.532,1,1.00200400801603
"275","{V5*2} => {V7*2}",0.494,0.925093632958802,1.7068148209572
"276","{V7*2} => {V5*2}",0.494,0.911439114391144,1.7068148209572
"277","{V5*2} => {V13*2}",0.53,0.99250936329588,1.76603089554427
"278","{V13*2} => {V5*2}",0.53,0.943060498220641,1.76603089554427
"279","{V5*2} => {V14*1}",0.526,0.98501872659176,1.61478479769141
"280","{V14*1} => {V5*2}",0.526,0.862295081967213,1.61478479769141
"281","{V5*2} => {V33*1}",0.364,0.681647940074906,1.00242344128663
"282","{V5*2} => {V32*1}",0.37,0.692883895131086,1.00417955816099
"283","{V5*2} => {V35*1}",0.382,0.715355805243446,1.00754338766682
"284","{V5*2} => {V34*1}",0.404,0.756554307116105,1.01961496915917
"285","{V5*2} => {V21*2}",0.324,0.606741573033708,0.817711014870226
"286","{V5*2} => {V2*2}",0.35,0.655430711610487,0.849003512448817
"287","{V5*2} => {V1*2}",0.37,0.692883895131086,0.874853402943291
"288","{V5*2} => {V31*1}",0.358,0.670411985018727,0.844347588184794
"289","{V5*2} => {V22*2}",0.372,0.696629213483146,0.868614979405419
"290","{V5*2} => {V37*1}",0.436,0.816479400749064,0.998141076710347
"291","{V5*2} => {V23*2}",0.438,0.820224719101124,0.927856017082719
"292","{V5*2} => {V3*1}",0.468,0.876404494382023,0.984724150991036
"293","{V5*2} => {V28*0}",0.438,0.820224719101124,0.919534438454174
"294","{V5*2} => {V29*0}",0.45,0.842696629213483,0.930128729816207
"295","{V5*2} => {V9*1}",0.486,0.910112359550562,1.00232638717022
"296","{V5*2} => {V24*1}",0.488,0.913857677902622,0.963984892302344
"297","{V5*2} => {V11*1}",0.508,0.951310861423221,1.00137985412971
"298","{V5*2} => {V36*1}",0.512,0.958801498127341,1.00503301690497
"299","{V5*2} => {V6*1}",0.526,0.98501872659176,1.03251438846096
"300","{V5*2} => {V25*2}",0.5,0.936329588014981,0.981477555571259
"301","{V5*2} => {V27*1}",0.506,0.947565543071161,0.98091671125379
"302","{V5*2} => {V17*1}",0.514,0.962546816479401,0.982190629060613
"303","{V5*2} => {V26*1}",0.526,0.98501872659176,0.994968410698748
"304","{V5*2} => {V20*1}",0.53,0.99250936329588,0.998500365488813
"305","{V5*2} => {V30*1}",0.534,1,1.00200400801603
"306","{V7*2} => {V13*2}",0.524,0.966789667896679,1.72026631298341
"307","{V13*2} => {V7*2}",0.524,0.932384341637011,1.72026631298341
"308","{V7*2} => {V14*1}",0.522,0.96309963099631,1.57885185409231
"309","{V14*1} => {V7*2}",0.522,0.855737704918033,1.57885185409231
"310","{V7*2} => {V33*1}",0.374,0.690036900369004,1.01476014760148
"311","{V7*2} => {V32*1}",0.378,0.697416974169742,1.01074923792716
"312","{V7*2} => {V35*1}",0.39,0.719557195571956,1.01346083883374
"313","{V7*2} => {V34*1}",0.41,0.756457564575646,1.01948458837688
"314","{V7*2} => {V21*2}",0.338,0.623616236162362,0.840453148466795
"315","{V7*2} => {V2*2}",0.37,0.682656826568266,0.884270500736095
"316","{V7*2} => {V1*2}",0.384,0.708487084870849,0.894554400089455
"317","{V7*2} => {V31*1}",0.364,0.671586715867159,0.845827098069469
"318","{V7*2} => {V22*2}",0.39,0.719557195571956,0.897203485750568
"319","{V7*2} => {V37*1}",0.444,0.819188191881919,1.00145255731286
"320","{V7*2} => {V23*2}",0.454,0.837638376383764,0.947554724416022
"321","{V7*2} => {V3*1}",0.478,0.881918819188192,0.990920021559766
"322","{V7*2} => {V28*0}",0.444,0.819188191881919,0.918372412423676
"323","{V7*2} => {V29*0}",0.456,0.841328413284133,0.928618557708756
"324","{V7*2} => {V9*1}",0.508,0.937269372693727,1.03223499195344
"325","{V7*2} => {V24*1}",0.504,0.929889298892989,0.980895884908216
"326","{V7*2} => {V11*1}",0.514,0.948339483394834,0.998252087784036
"327","{V7*2} => {V36*1}",0.52,0.959409594095941,1.00567043406283
"328","{V7*2} => {V6*1}",0.51,0.940959409594096,0.986330618023161
"329","{V7*2} => {V25*2}",0.506,0.933579335793358,0.978594691607293
"330","{V7*2} => {V27*1}",0.518,0.955719557195572,0.989357719664153
"331","{V7*2} => {V17*1}",0.524,0.966789667896679,0.986520069282325
"332","{V7*2} => {V26*1}",0.534,0.985239852398524,0.995191770099519
"333","{V7*2} => {V20*1}",0.536,0.988929889298893,0.994899285008947
"334","{V7*2} => {V30*1}",0.542,1,1.00200400801603
"335","{V13*2} => {V14*1}",0.556,0.98932384341637,1.62184236625634
"336","{V14*1} => {V13*2}",0.556,0.911475409836066,1.62184236625634
"337","{V13*2} => {V33*1}",0.384,0.683274021352313,1.00481473728281
"338","{V13*2} => {V32*1}",0.39,0.693950177935943,1.00572489555934
"339","{V13*2} => {V35*1}",0.402,0.715302491103203,1.00746829732845
"340","{V13*2} => {V34*1}",0.428,0.761565836298932,1.02636905161581
"341","{V13*2} => {V21*2}",0.342,0.608540925266904,0.820136017879925
"342","{V13*2} => {V2*2}",0.372,0.661921708185053,0.85741153909981
"343","{V13*2} => {V1*2}",0.386,0.686832740213523,0.867213055825156
"344","{V13*2} => {V31*1}",0.374,0.665480427046263,0.838136557992775
"345","{V13*2} => {V22*2}",0.392,0.697508896797153,0.869711841392959
"346","{V13*2} => {V37*1}",0.458,0.814946619217082,0.996267260656579
"347","{V13*2} => {V23*2}",0.462,0.822064056939502,0.929936715994912
"348","{V13*2} => {V3*1}",0.494,0.879003558718861,0.98764444799872
"349","{V13*2} => {V28*0}",0.464,0.825622775800712,0.925586071525462
"350","{V13*2} => {V29*0}",0.478,0.850533807829182,0.938779037339053
"351","{V13*2} => {V9*1}",0.514,0.914590747330961,1.00725853230282
"352","{V13*2} => {V24*1}",0.514,0.914590747330961,0.964758172290043
"353","{V13*2} => {V11*1}",0.534,0.950177935943061,1.0001873009927
"354","{V13*2} => {V36*1}",0.538,0.95729537366548,1.0034542700896
"355","{V13*2} => {V6*1}",0.53,0.943060498220641,0.988533017002768
"356","{V13*2} => {V25*2}",0.524,0.932384341637011,0.977342077187642
"357","{V13*2} => {V27*1}",0.532,0.94661921708185,0.979937077724483
"358","{V13*2} => {V17*1}",0.542,0.9644128113879,0.984094705497857
"359","{V13*2} => {V26*1}",0.554,0.98576512455516,0.995722348035515
"360","{V13*2} => {V20*1}",0.556,0.98932384341637,0.995295617119085
"361","{V13*2} => {V30*1}",0.562,1,1.00200400801603
"362","{V14*1} => {V33*1}",0.416,0.681967213114754,1.00289296046287
"363","{V33*1} => {V14*1}",0.416,0.611764705882353,1.00289296046287
"364","{V14*1} => {V32*1}",0.422,0.691803278688525,1.00261344737467
"365","{V32*1} => {V14*1}",0.422,0.611594202898551,1.00261344737467
"366","{V14*1} => {V35*1}",0.436,0.714754098360656,1.00669591318402
"367","{V35*1} => {V14*1}",0.436,0.614084507042253,1.00669591318402
"368","{V14*1} => {V34*1}",0.462,0.757377049180328,1.02072378595732
"369","{V34*1} => {V14*1}",0.462,0.622641509433962,1.02072378595732
"370","{V14*1} => {V21*2}",0.376,0.616393442622951,0.830718925367858
"371","{V14*1} => {V2*2}",0.404,0.662295081967213,0.857895183895354
"372","{V14*1} => {V1*2}",0.424,0.695081967213115,0.877628746481206
"373","{V14*1} => {V31*1}",0.41,0.672131147540984,0.846512780278317
"374","{V14*1} => {V22*2}",0.43,0.704918032786885,0.878950165569682
"375","{V14*1} => {V37*1}",0.502,0.822950819672131,1.00605234678745
"376","{V37*1} => {V14*1}",0.502,0.613691931540342,1.00605234678745
"377","{V14*1} => {V23*2}",0.508,0.832786885245902,0.942066612269119
"378","{V14*1} => {V3*1}",0.534,0.875409836065574,0.983606557377049
"379","{V3*1} => {V14*1}",0.534,0.6,0.983606557377049
"380","{V14*1} => {V28*0}",0.504,0.826229508196721,0.926266264794531
"381","{V14*1} => {V29*0}",0.518,0.849180327868852,0.937285130098071
"382","{V14*1} => {V9*1}",0.556,0.911475409836066,1.00382754387232
"383","{V9*1} => {V14*1}",0.556,0.612334801762115,1.00382754387232
"384","{V14*1} => {V24*1}",0.562,0.921311475409836,0.971847547900671
"385","{V14*1} => {V11*1}",0.58,0.950819672131147,1.00086281276963
"386","{V11*1} => {V14*1}",0.58,0.610526315789474,1.00086281276963
"387","{V14*1} => {V36*1}",0.582,0.954098360655738,1.00010310341272
"388","{V36*1} => {V14*1}",0.582,0.610062893081761,1.00010310341272
"389","{V14*1} => {V6*1}",0.578,0.947540983606557,0.993229542564526
"390","{V6*1} => {V14*1}",0.578,0.605870020964361,0.993229542564526
"391","{V14*1} => {V25*2}",0.572,0.937704918032787,0.982919201292229
"392","{V14*1} => {V27*1}",0.576,0.944262295081967,0.977497199877813
"393","{V14*1} => {V17*1}",0.59,0.967213114754098,0.986952157912345
"394","{V17*1} => {V14*1}",0.59,0.602040816326531,0.986952157912345
"395","{V14*1} => {V26*1}",0.602,0.986885245901639,0.99685378373903
"396","{V26*1} => {V14*1}",0.602,0.608080808080808,0.99685378373903
"397","{V14*1} => {V20*1}",0.604,0.99016393442623,0.996140779100835
"398","{V20*1} => {V14*1}",0.604,0.607645875251509,0.996140779100834
"399","{V14*1} => {V30*1}",0.608,0.99672131147541,0.998718748973357
"400","{V30*1} => {V14*1}",0.608,0.609218436873748,0.998718748973357
"401","{V18*1} => {V33*1}",0.452,0.68693009118541,1.01019131056678
"402","{V33*1} => {V18*1}",0.452,0.664705882352941,1.01019131056678
"403","{V18*1} => {V4*2}",0.586,0.890577507598784,1.30967280529233
"404","{V4*2} => {V18*1}",0.586,0.861764705882353,1.30967280529233
"405","{V18*1} => {V32*1}",0.46,0.699088145896657,1.01317122593718
"406","{V32*1} => {V18*1}",0.46,0.666666666666667,1.01317122593718
"407","{V18*1} => {V15*1}",0.602,0.914893617021277,1.32593277829171
"408","{V15*1} => {V18*1}",0.602,0.872463768115942,1.32593277829171
"409","{V18*1} => {V35*1}",0.47,0.714285714285714,1.00603621730382
"410","{V35*1} => {V18*1}",0.47,0.661971830985915,1.00603621730382
"411","{V18*1} => {V19*1}",0.658,1,1.40056022408964
"412","{V19*1} => {V18*1}",0.658,0.92156862745098,1.40056022408964
"413","{V18*1} => {V34*1}",0.488,0.741641337386018,0.999516627204876
"414","{V34*1} => {V18*1}",0.488,0.657681940700809,0.999516627204876
"415","{V18*1} => {V21*2}",0.656,0.996960486322188,1.34361251525901
"416","{V21*2} => {V18*1}",0.656,0.884097035040431,1.34361251525901
"417","{V18*1} => {V2*2}",0.642,0.975683890577508,1.26383923649936
"418","{V2*2} => {V18*1}",0.642,0.83160621761658,1.26383923649936
"419","{V18*1} => {V1*2}",0.644,0.978723404255319,1.23576187405975
"420","{V1*2} => {V18*1}",0.644,0.813131313131313,1.23576187405975
"421","{V18*1} => {V31*1}",0.522,0.793313069908815,0.999134848751656
"422","{V31*1} => {V18*1}",0.522,0.657430730478589,0.999134848751656
"423","{V18*1} => {V22*2}",0.656,0.996960486322188,1.24309287571345
"424","{V22*2} => {V18*1}",0.656,0.817955112219451,1.24309287571345
"425","{V18*1} => {V37*1}",0.536,0.814589665653495,0.995830887106963
"426","{V37*1} => {V18*1}",0.536,0.655256723716381,0.995830887106963
"427","{V18*1} => {V23*2}",0.656,0.996960486322188,1.12778335556809
"428","{V23*2} => {V18*1}",0.656,0.742081447963801,1.12778335556809
"429","{V18*1} => {V3*1}",0.582,0.884498480243161,0.993818517127147
"430","{V3*1} => {V18*1}",0.582,0.653932584269663,0.993818517127147
"431","{V18*1} => {V28*0}",0.656,0.996960486322188,1.11766870663922
"432","{V28*0} => {V18*1}",0.656,0.73542600896861,1.11766870663922
"433","{V18*1} => {V29*0}",0.658,1,1.1037527593819
"434","{V29*0} => {V18*1}",0.658,0.726269315673289,1.1037527593819
"435","{V18*1} => {V9*1}",0.596,0.905775075987842,0.997549643158416
"436","{V9*1} => {V18*1}",0.596,0.656387665198238,0.997549643158416
"437","{V18*1} => {V24*1}",0.658,1,1.05485232067511
"438","{V24*1} => {V18*1}",0.658,0.694092827004219,1.05485232067511
"439","{V18*1} => {V11*1}",0.63,0.957446808510638,1.00783874580067
"440","{V11*1} => {V18*1}",0.63,0.663157894736842,1.00783874580067
"441","{V18*1} => {V36*1}",0.634,0.963525835866261,1.00998515289965
"442","{V36*1} => {V18*1}",0.634,0.664570230607966,1.00998515289965
"443","{V18*1} => {V6*1}",0.628,0.954407294832827,1.00042693378703
"444","{V6*1} => {V18*1}",0.628,0.658280922431866,1.00042693378703
"445","{V18*1} => {V25*2}",0.658,1,1.0482180293501
"446","{V25*2} => {V18*1}",0.658,0.689727463312369,1.0482180293501
"447","{V18*1} => {V27*1}",0.658,1,1.0351966873706
"448","{V27*1} => {V18*1}",0.658,0.681159420289855,1.0351966873706
"449","{V18*1} => {V17*1}",0.646,0.981762917933131,1.00179889585013
"450","{V17*1} => {V18*1}",0.646,0.659183673469388,1.00179889585013
"451","{V18*1} => {V26*1}",0.658,1,1.01010101010101
"452","{V26*1} => {V18*1}",0.658,0.664646464646465,1.01010101010101
"453","{V18*1} => {V20*1}",0.658,1,1.00603621730382
"454","{V20*1} => {V18*1}",0.658,0.661971830985915,1.00603621730382
"455","{V18*1} => {V30*1}",0.658,1,1.00200400801603
"456","{V30*1} => {V18*1}",0.658,0.659318637274549,1.00200400801603
"457","{V33*1} => {V4*2}",0.456,0.670588235294118,0.986159169550173
"458","{V4*2} => {V33*1}",0.456,0.670588235294118,0.986159169550173
"459","{V33*1} => {V32*1}",0.632,0.929411764705882,1.34697357203751
"460","{V32*1} => {V33*1}",0.632,0.915942028985507,1.34697357203751
"461","{V33*1} => {V15*1}",0.46,0.676470588235294,0.980392156862745
"462","{V15*1} => {V33*1}",0.46,0.666666666666667,0.980392156862745
"463","{V33*1} => {V35*1}",0.66,0.970588235294118,1.36702568351284
"464","{V35*1} => {V33*1}",0.66,0.929577464788732,1.36702568351284
"465","{V33*1} => {V19*1}",0.478,0.702941176470588,0.984511451639479
"466","{V19*1} => {V33*1}",0.478,0.669467787114846,0.984511451639479
"467","{V33*1} => {V34*1}",0.612,0.9,1.21293800539084
"468","{V34*1} => {V33*1}",0.612,0.824797843665768,1.21293800539084
"469","{V33*1} => {V21*2}",0.498,0.732352941176471,0.986998573014111
"470","{V21*2} => {V33*1}",0.498,0.671159029649596,0.986998573014111
"471","{V33*1} => {V2*2}",0.518,0.761764705882353,0.986741846997866
"472","{V2*2} => {V33*1}",0.518,0.670984455958549,0.986741846997866
"473","{V33*1} => {V1*2}",0.538,0.791176470588235,0.998960190136661
"474","{V1*2} => {V33*1}",0.538,0.679292929292929,0.998960190136661
"475","{V33*1} => {V31*1}",0.54,0.794117647058823,1.00014817009927
"476","{V31*1} => {V33*1}",0.54,0.680100755667506,1.00014817009927
"477","{V33*1} => {V22*2}",0.544,0.8,0.997506234413965
"478","{V22*2} => {V33*1}",0.544,0.678304239401496,0.997506234413965
"479","{V33*1} => {V37*1}",0.67,0.985294117647059,1.20451603624335
"480","{V37*1} => {V33*1}",0.67,0.819070904645477,1.20451603624335
"481","{V33*1} => {V23*2}",0.602,0.885294117647059,1.00146393398989
"482","{V23*2} => {V33*1}",0.602,0.680995475113122,1.00146393398989
"483","{V33*1} => {V3*1}",0.592,0.870588235294118,0.978189028420357
"484","{V3*1} => {V33*1}",0.592,0.665168539325843,0.978189028420357
"485","{V33*1} => {V28*0}",0.614,0.902941176470588,1.01226589290425
"486","{V28*0} => {V33*1}",0.614,0.688340807174888,1.01226589290425
"487","{V33*1} => {V29*0}",0.62,0.911764705882353,1.00636281002467
"488","{V29*0} => {V33*1}",0.62,0.684326710816777,1.00636281002467
"489","{V33*1} => {V9*1}",0.616,0.905882352941176,0.997667789582793
"490","{V9*1} => {V33*1}",0.616,0.6784140969163,0.997667789582794
"491","{V33*1} => {V24*1}",0.642,0.944117647058824,0.99590469099032
"492","{V24*1} => {V33*1}",0.642,0.677215189873418,0.99590469099032
"493","{V33*1} => {V11*1}",0.662,0.973529411764706,1.02476780185759
"494","{V11*1} => {V33*1}",0.662,0.696842105263158,1.02476780185759
"495","{V33*1} => {V36*1}",0.666,0.979411764705882,1.02663706992231
"496","{V36*1} => {V33*1}",0.666,0.69811320754717,1.02663706992231
"497","{V33*1} => {V6*1}",0.648,0.952941176470588,0.99889012208657
"498","{V6*1} => {V33*1}",0.648,0.679245283018868,0.99889012208657
"499","{V33*1} => {V25*2}",0.652,0.958823529411765,1.00505611049451
"500","{V25*2} => {V33*1}",0.652,0.683438155136268,1.00505611049451
"501","{V33*1} => {V27*1}",0.65,0.955882352941177,0.989526245280721
"502","{V27*1} => {V33*1}",0.65,0.67287784679089,0.989526245280721
"503","{V33*1} => {V17*1}",0.666,0.979411764705882,0.999399759903962
"504","{V17*1} => {V33*1}",0.666,0.679591836734694,0.999399759903962
"505","{V33*1} => {V26*1}",0.676,0.994117647058824,1.00415923945336
"506","{V26*1} => {V33*1}",0.676,0.682828282828283,1.00415923945336
"507","{V33*1} => {V20*1}",0.678,0.997058823529412,1.00307728725293
"508","{V20*1} => {V33*1}",0.678,0.682092555331992,1.00307728725293
"509","{V33*1} => {V30*1}",0.678,0.997058823529412,0.99905693740422
"510","{V30*1} => {V33*1}",0.678,0.67935871743487,0.99905693740422
"511","{V4*2} => {V32*1}",0.466,0.685294117647059,0.993179880647911
"512","{V32*1} => {V4*2}",0.466,0.67536231884058,0.993179880647911
"513","{V4*2} => {V15*1}",0.674,0.991176470588235,1.43648763853367
"514","{V15*1} => {V4*2}",0.674,0.976811594202899,1.43648763853367
"515","{V4*2} => {V35*1}",0.476,0.7,0.985915492957746
"516","{V35*1} => {V4*2}",0.476,0.670422535211268,0.985915492957746
"517","{V4*2} => {V19*1}",0.638,0.938235294117647,1.31405503377822
"518","{V19*1} => {V4*2}",0.638,0.893557422969188,1.31405503377822
"519","{V4*2} => {V34*1}",0.498,0.732352941176471,0.986998573014111
"520","{V34*1} => {V4*2}",0.498,0.671159029649596,0.986998573014111
"521","{V4*2} => {V21*2}",0.668,0.982352941176471,1.32392579673379
"522","{V21*2} => {V4*2}",0.668,0.900269541778976,1.32392579673379
"523","{V4*2} => {V2*2}",0.66,0.970588235294118,1.25723864675404
"524","{V2*2} => {V4*2}",0.66,0.854922279792746,1.25723864675404
"525","{V4*2} => {V1*2}",0.662,0.973529411764706,1.22920380273321
"526","{V1*2} => {V4*2}",0.662,0.835858585858586,1.22920380273321
"527","{V4*2} => {V31*1}",0.536,0.788235294117647,0.992739665135576
"528","{V31*1} => {V4*2}",0.536,0.675062972292191,0.992739665135576
"529","{V4*2} => {V22*2}",0.674,0.991176470588235,1.23588088602024
"530","{V22*2} => {V4*2}",0.674,0.840399002493766,1.23588088602024
"531","{V4*2} => {V37*1}",0.55,0.808823529411765,0.988781820796778
"532","{V37*1} => {V4*2}",0.55,0.672371638141809,0.988781820796778
"533","{V4*2} => {V23*2}",0.678,0.997058823529412,1.12789459675273
"534","{V23*2} => {V4*2}",0.678,0.766968325791855,1.12789459675273
"535","{V4*2} => {V3*1}",0.61,0.897058823529412,1.0079312623926
"536","{V3*1} => {V4*2}",0.61,0.685393258426966,1.0079312623926
"537","{V4*2} => {V28*0}",0.638,0.938235294117647,1.05183328936956
"538","{V28*0} => {V4*2}",0.638,0.7152466367713,1.05183328936956
"539","{V4*2} => {V29*0}",0.676,0.994117647058824,1.09726009609142
"540","{V29*0} => {V4*2}",0.676,0.746136865342163,1.09726009609142
"541","{V4*2} => {V9*1}",0.62,0.911764705882353,1.00414615185281
"542","{V9*1} => {V4*2}",0.62,0.682819383259912,1.00414615185281
"543","{V4*2} => {V24*1}",0.68,1,1.05485232067511
"544","{V24*1} => {V4*2}",0.68,0.717299578059072,1.05485232067511
"545","{V4*2} => {V11*1}",0.65,0.955882352941177,1.0061919504644
"546","{V11*1} => {V4*2}",0.65,0.684210526315789,1.0061919504644
"547","{V4*2} => {V36*1}",0.652,0.958823529411765,1.00505611049451
"548","{V36*1} => {V4*2}",0.652,0.683438155136268,1.00505611049451
"549","{V4*2} => {V6*1}",0.648,0.952941176470588,0.99889012208657
"550","{V6*1} => {V4*2}",0.648,0.679245283018868,0.99889012208657
"551","{V4*2} => {V25*2}",0.678,0.997058823529412,1.04513503514613
"552","{V25*2} => {V4*2}",0.678,0.710691823899371,1.04513503514613
"553","{V4*2} => {V27*1}",0.68,1,1.0351966873706
"554","{V27*1} => {V4*2}",0.68,0.703933747412008,1.0351966873706
"555","{V4*2} => {V17*1}",0.666,0.979411764705882,0.999399759903962
"556","{V17*1} => {V4*2}",0.666,0.679591836734694,0.999399759903962
"557","{V4*2} => {V26*1}",0.68,1,1.01010101010101
"558","{V26*1} => {V4*2}",0.68,0.686868686868687,1.01010101010101
"559","{V4*2} => {V20*1}",0.674,0.991176470588235,0.997159427151142
"560","{V20*1} => {V4*2}",0.674,0.678068410462777,0.997159427151142
"561","{V4*2} => {V30*1}",0.68,1,1.00200400801603
"562","{V30*1} => {V4*2}",0.68,0.681362725450902,1.00200400801603
"563","{V32*1} => {V15*1}",0.47,0.681159420289855,0.987187565637471
"564","{V15*1} => {V32*1}",0.47,0.681159420289855,0.987187565637471
"565","{V32*1} => {V35*1}",0.68,0.985507246376812,1.38803837517861
"566","{V35*1} => {V32*1}",0.68,0.957746478873239,1.38803837517861
"567","{V32*1} => {V19*1}",0.49,0.710144927536232,0.994600738846263
"568","{V19*1} => {V32*1}",0.49,0.686274509803922,0.994600738846263
"569","{V32*1} => {V34*1}",0.626,0.907246376811594,1.22270401187546
"570","{V34*1} => {V32*1}",0.626,0.84366576819407,1.22270401187546
"571","{V32*1} => {V21*2}",0.51,0.739130434782609,0.996132661432087
"572","{V21*2} => {V32*1}",0.51,0.68733153638814,0.996132661432087
"573","{V32*1} => {V2*2}",0.532,0.771014492753623,0.998723436209357
"574","{V2*2} => {V32*1}",0.532,0.689119170984456,0.998723436209357
"575","{V32*1} => {V1*2}",0.548,0.794202898550725,1.00278143756405
"576","{V1*2} => {V32*1}",0.548,0.691919191919192,1.00278143756405
"577","{V32*1} => {V31*1}",0.55,0.797101449275362,1.0039061073997
"578","{V31*1} => {V32*1}",0.55,0.692695214105793,1.0039061073997
"579","{V32*1} => {V22*2}",0.554,0.802898550724638,1.0011203874372
"580","{V22*2} => {V32*1}",0.554,0.690773067331671,1.0011203874372
"581","{V32*1} => {V37*1}",0.678,0.982608695652174,1.20123312426916
"582","{V37*1} => {V32*1}",0.678,0.828850855745721,1.20123312426916
"583","{V32*1} => {V23*2}",0.61,0.884057971014493,1.00006557807069
"584","{V23*2} => {V32*1}",0.61,0.690045248868778,1.00006557807069
"585","{V32*1} => {V3*1}",0.602,0.872463768115942,0.980296368669598
"586","{V3*1} => {V32*1}",0.602,0.676404494382022,0.980296368669598
"587","{V32*1} => {V28*0}",0.63,0.91304347826087,1.02359134334178
"588","{V28*0} => {V32*1}",0.63,0.70627802690583,1.02359134334178
"589","{V32*1} => {V29*0}",0.634,0.918840579710145,1.01417282528714
"590","{V29*0} => {V32*1}",0.634,0.699779249448124,1.01417282528714
"591","{V32*1} => {V9*1}",0.626,0.907246376811594,0.999170018514972
"592","{V9*1} => {V32*1}",0.626,0.68942731277533,0.999170018514972
"593","{V32*1} => {V24*1}",0.654,0.947826086956522,0.999816547422491
"594","{V24*1} => {V32*1}",0.654,0.689873417721519,0.999816547422491
"595","{V32*1} => {V11*1}",0.676,0.979710144927536,1.03127383676583
"596","{V11*1} => {V32*1}",0.676,0.711578947368421,1.03127383676583
"597","{V32*1} => {V36*1}",0.682,0.988405797101449,1.0360647768359
"598","{V36*1} => {V32*1}",0.682,0.714884696016772,1.0360647768359
"599","{V32*1} => {V6*1}",0.656,0.950724637681159,0.996566706164737
"600","{V6*1} => {V32*1}",0.656,0.687631027253669,0.996566706164737
"601","{V32*1} => {V25*2}",0.656,0.950724637681159,0.996566706164737
"602","{V25*2} => {V32*1}",0.656,0.687631027253669,0.996566706164737
"603","{V32*1} => {V27*1}",0.662,0.959420289855072,0.993188705854112
"604","{V27*1} => {V32*1}",0.662,0.685300207039337,0.993188705854112
"605","{V32*1} => {V17*1}",0.678,0.982608695652174,1.00266193433895
"606","{V17*1} => {V32*1}",0.678,0.691836734693878,1.00266193433895
"607","{V32*1} => {V26*1}",0.682,0.988405797101449,0.998389694041868
"608","{V26*1} => {V32*1}",0.682,0.688888888888889,0.998389694041868
"609","{V32*1} => {V20*1}",0.688,0.997101449275362,1.00312017029715
"610","{V20*1} => {V32*1}",0.688,0.69215291750503,1.00312017029715
"611","{V32*1} => {V30*1}",0.688,0.997101449275362,0.999099648572507
"612","{V30*1} => {V32*1}",0.688,0.68937875751503,0.999099648572507
"613","{V15*1} => {V35*1}",0.48,0.695652173913043,0.979791794243723
"614","{V35*1} => {V15*1}",0.48,0.676056338028169,0.979791794243723
"615","{V15*1} => {V19*1}",0.654,0.947826086956522,1.32748751674583
"616","{V19*1} => {V15*1}",0.654,0.915966386554622,1.32748751674583
"617","{V15*1} => {V34*1}",0.502,0.727536231884058,0.980507051056682
"618","{V34*1} => {V15*1}",0.502,0.676549865229111,0.980507051056682
"619","{V15*1} => {V21*2}",0.684,0.991304347826087,1.33598968709715
"620","{V21*2} => {V15*1}",0.684,0.921832884097035,1.33598968709715
"621","{V15*1} => {V2*2}",0.672,0.973913043478261,1.26154539310656
"622","{V2*2} => {V15*1}",0.672,0.870466321243523,1.26154539310656
"623","{V15*1} => {V1*2}",0.676,0.979710144927536,1.23700775874689
"624","{V1*2} => {V15*1}",0.676,0.853535353535353,1.23700775874689
"625","{V15*1} => {V31*1}",0.542,0.785507246376812,0.989303836746614
"626","{V31*1} => {V15*1}",0.542,0.682619647355164,0.989303836746614
"627","{V15*1} => {V22*2}",0.688,0.997101449275362,1.24326863999422
"628","{V22*2} => {V15*1}",0.688,0.85785536159601,1.24326863999422
"629","{V15*1} => {V37*1}",0.554,0.802898550724638,0.981538570568017
"630","{V37*1} => {V15*1}",0.554,0.677261613691931,0.981538570568017
"631","{V15*1} => {V23*2}",0.69,1,1.13122171945701
"632","{V23*2} => {V15*1}",0.69,0.780542986425339,1.13122171945701
"633","{V15*1} => {V3*1}",0.618,0.895652173913044,1.00635075720567
"634","{V3*1} => {V15*1}",0.618,0.69438202247191,1.00635075720567
"635","{V15*1} => {V28*0}",0.65,0.942028985507246,1.05608630662247
"636","{V28*0} => {V15*1}",0.65,0.728699551569507,1.05608630662247
"637","{V15*1} => {V29*0}",0.688,0.997101449275362,1.10055347602137
"638","{V29*0} => {V15*1}",0.688,0.759381898454746,1.10055347602137
"639","{V15*1} => {V9*1}",0.63,0.91304347826087,1.00555449147673
"640","{V9*1} => {V15*1}",0.63,0.693832599118943,1.00555449147673
"641","{V15*1} => {V24*1}",0.69,1,1.05485232067511
"642","{V24*1} => {V15*1}",0.69,0.727848101265823,1.05485232067511
"643","{V15*1} => {V11*1}",0.658,0.953623188405797,1.00381388253242
"644","{V11*1} => {V15*1}",0.658,0.692631578947368,1.00381388253242
"645","{V15*1} => {V36*1}",0.662,0.959420289855072,1.00568164555039
"646","{V36*1} => {V15*1}",0.662,0.693920335429769,1.00568164555039
"647","{V15*1} => {V6*1}",0.658,0.953623188405797,0.999605019293288
"648","{V6*1} => {V15*1}",0.658,0.689727463312369,0.999605019293288
"649","{V15*1} => {V25*2}",0.69,1,1.0482180293501
"650","{V25*2} => {V15*1}",0.69,0.723270440251572,1.0482180293501
"651","{V15*1} => {V27*1}",0.69,1,1.0351966873706
"652","{V27*1} => {V15*1}",0.69,0.714285714285714,1.0351966873706
"653","{V15*1} => {V17*1}",0.676,0.979710144927536,0.999704229517894
"654","{V17*1} => {V15*1}",0.676,0.689795918367347,0.999704229517894
"655","{V15*1} => {V26*1}",0.69,1,1.01010101010101
"656","{V26*1} => {V15*1}",0.69,0.696969696969697,1.01010101010101
"657","{V15*1} => {V20*1}",0.684,0.991304347826087,0.99728807628379
"658","{V20*1} => {V15*1}",0.684,0.688128772635815,0.99728807628379
"659","{V15*1} => {V30*1}",0.69,1,1.00200400801603
"660","{V30*1} => {V15*1}",0.69,0.691382765531062,1.00200400801603
"661","{V35*1} => {V19*1}",0.5,0.704225352112676,0.986310016964532
"662","{V19*1} => {V35*1}",0.5,0.700280112044818,0.986310016964532
"663","{V35*1} => {V34*1}",0.65,0.915492957746479,1.23381800235375
"664","{V34*1} => {V35*1}",0.65,0.876010781671159,1.23381800235375
"665","{V35*1} => {V21*2}",0.52,0.732394366197183,0.987054401882996
"666","{V21*2} => {V35*1}",0.52,0.700808625336927,0.987054401882996
"667","{V35*1} => {V2*2}",0.542,0.763380281690141,0.988834561774794
"668","{V2*2} => {V35*1}",0.542,0.702072538860104,0.988834561774794
"669","{V35*1} => {V1*2}",0.558,0.785915492957746,0.992317541613316
"670","{V1*2} => {V35*1}",0.558,0.704545454545455,0.992317541613316
"671","{V35*1} => {V31*1}",0.566,0.797183098591549,1.00400894029162
"672","{V31*1} => {V35*1}",0.566,0.712846347607053,1.00400894029162
"673","{V35*1} => {V22*2}",0.564,0.794366197183099,0.990481542622317
"674","{V22*2} => {V35*1}",0.564,0.703241895261845,0.990481542622318
"675","{V35*1} => {V37*1}",0.706,0.994366197183099,1.21560659802335
"676","{V37*1} => {V35*1}",0.706,0.863080684596577,1.21560659802335
"677","{V35*1} => {V23*2}",0.624,0.87887323943662,0.994200497100249
"678","{V23*2} => {V35*1}",0.624,0.705882352941177,0.994200497100248
"679","{V35*1} => {V3*1}",0.622,0.876056338028169,0.984332964076594
"680","{V3*1} => {V35*1}",0.622,0.698876404494382,0.984332964076595
"681","{V35*1} => {V28*0}",0.642,0.904225352112676,1.01370555169583
"682","{V28*0} => {V35*1}",0.642,0.719730941704036,1.01370555169583
"683","{V35*1} => {V29*0}",0.648,0.912676056338028,1.00736871560489
"684","{V29*0} => {V35*1}",0.648,0.71523178807947,1.00736871560489
"685","{V35*1} => {V9*1}",0.644,0.907042253521127,0.998945213128994
"686","{V9*1} => {V35*1}",0.644,0.709251101321586,0.998945213128994
"687","{V35*1} => {V24*1}",0.674,0.949295774647887,1.0013668508944
"688","{V24*1} => {V35*1}",0.674,0.710970464135021,1.0013668508944
"689","{V35*1} => {V11*1}",0.696,0.980281690140845,1.03187546330615
"690","{V11*1} => {V35*1}",0.696,0.732631578947368,1.03187546330615
"691","{V35*1} => {V36*1}",0.702,0.988732394366197,1.03640712197715
"692","{V36*1} => {V35*1}",0.702,0.735849056603774,1.03640712197715
"693","{V35*1} => {V6*1}",0.676,0.952112676056338,0.998021673015029
"694","{V6*1} => {V35*1}",0.676,0.708595387840671,0.998021673015029
"695","{V35*1} => {V25*2}",0.674,0.949295774647887,0.99506894617179
"696","{V25*2} => {V35*1}",0.674,0.706498951781971,0.99506894617179
"697","{V35*1} => {V27*1}",0.68,0.957746478873239,0.991455982270434
"698","{V27*1} => {V35*1}",0.68,0.703933747412008,0.991455982270434
"699","{V35*1} => {V17*1}",0.696,0.980281690140845,1.00028743891923
"700","{V17*1} => {V35*1}",0.696,0.710204081632653,1.00028743891923
"701","{V35*1} => {V26*1}",0.702,0.988732394366197,0.998719590268886
"702","{V26*1} => {V35*1}",0.702,0.709090909090909,0.998719590268886
"703","{V35*1} => {V20*1}",0.708,0.997183098591549,1.00320231246635
"704","{V20*1} => {V35*1}",0.708,0.712273641851107,1.00320231246635
"705","{V35*1} => {V30*1}",0.708,0.997183098591549,0.999181461514578
"706","{V30*1} => {V35*1}",0.708,0.709418837675351,0.999181461514578
"707","{V19*1} => {V34*1}",0.524,0.733893557422969,0.989074875233112
"708","{V34*1} => {V19*1}",0.524,0.706199460916442,0.989074875233112
"709","{V19*1} => {V21*2}",0.712,0.997198879551821,1.34393379993507
"710","{V21*2} => {V19*1}",0.712,0.959568733153639,1.34393379993507
"711","{V19*1} => {V2*2}",0.698,0.977591036414566,1.26630963266135
"712","{V2*2} => {V19*1}",0.698,0.904145077720207,1.26630963266135
"713","{V19*1} => {V1*2}",0.698,0.977591036414566,1.23433211668506
"714","{V1*2} => {V19*1}",0.698,0.881313131313131,1.23433211668506
"715","{V19*1} => {V31*1}",0.568,0.795518207282913,1.00191209985254
"716","{V31*1} => {V19*1}",0.568,0.71536523929471,1.00191209985254
"717","{V19*1} => {V22*2}",0.712,0.997198879551821,1.24339012412945
"718","{V22*2} => {V19*1}",0.712,0.887780548628429,1.24339012412945
"719","{V19*1} => {V37*1}",0.576,0.80672268907563,0.986213556327176
"720","{V37*1} => {V19*1}",0.576,0.704156479217604,0.986213556327176
"721","{V19*1} => {V23*2}",0.712,0.997198879551821,1.12805303116722
"722","{V23*2} => {V19*1}",0.712,0.805429864253394,1.12805303116722
"723","{V19*1} => {V3*1}",0.634,0.887955182072829,0.997702451767224
"724","{V3*1} => {V19*1}",0.634,0.712359550561798,0.997702451767224
"725","{V19*1} => {V28*0}",0.672,0.941176470588235,1.05513057240834
"726","{V28*0} => {V19*1}",0.672,0.753363228699552,1.05513057240834
"727","{V19*1} => {V29*0}",0.714,1,1.1037527593819
"728","{V29*0} => {V19*1}",0.714,0.788079470198676,1.1037527593819
"729","{V19*1} => {V9*1}",0.648,0.907563025210084,0.99951875023137
"730","{V9*1} => {V19*1}",0.648,0.713656387665198,0.99951875023137
"731","{V19*1} => {V24*1}",0.714,1,1.05485232067511
"732","{V24*1} => {V19*1}",0.714,0.753164556962025,1.05485232067511
"733","{V19*1} => {V11*1}",0.682,0.955182072829132,1.00545481350435
"734","{V11*1} => {V19*1}",0.682,0.717894736842105,1.00545481350435
"735","{V19*1} => {V36*1}",0.686,0.96078431372549,1.00711143996383
"736","{V36*1} => {V19*1}",0.686,0.719077568134172,1.00711143996383
"737","{V19*1} => {V6*1}",0.684,0.957983193277311,1.00417525500766
"738","{V6*1} => {V19*1}",0.684,0.716981132075472,1.00417525500766
"739","{V19*1} => {V25*2}",0.714,1,1.0482180293501
"740","{V25*2} => {V19*1}",0.714,0.748427672955975,1.0482180293501
"741","{V19*1} => {V27*1}",0.714,1,1.0351966873706
"742","{V27*1} => {V19*1}",0.714,0.739130434782609,1.0351966873706
"743","{V19*1} => {V17*1}",0.7,0.980392156862745,1.00040016006403
"744","{V17*1} => {V19*1}",0.7,0.714285714285714,1.00040016006403
"745","{V19*1} => {V26*1}",0.714,1,1.01010101010101
"746","{V26*1} => {V19*1}",0.714,0.721212121212121,1.01010101010101
"747","{V19*1} => {V20*1}",0.714,1,1.00603621730382
"748","{V20*1} => {V19*1}",0.714,0.71830985915493,1.00603621730382
"749","{V19*1} => {V30*1}",0.714,1,1.00200400801603
"750","{V30*1} => {V19*1}",0.714,0.715430861723447,1.00200400801603
"751","{V34*1} => {V21*2}",0.544,0.733153638814016,0.98807768034234
"752","{V21*2} => {V34*1}",0.544,0.733153638814016,0.98807768034234
"753","{V34*1} => {V2*2}",0.568,0.765498652291105,0.991578565143919
"754","{V2*2} => {V34*1}",0.568,0.735751295336788,0.991578565143919
"755","{V34*1} => {V1*2}",0.584,0.787061994609164,0.993765144708541
"756","{V1*2} => {V34*1}",0.584,0.737373737373737,0.993765144708541
"757","{V34*1} => {V31*1}",0.578,0.778975741239892,0.981077759747975
"758","{V31*1} => {V34*1}",0.578,0.727959697732998,0.981077759747975
"759","{V34*1} => {V22*2}",0.59,0.795148247978437,0.99145666830229
"760","{V22*2} => {V34*1}",0.59,0.735660847880299,0.99145666830229
"761","{V34*1} => {V37*1}",0.736,0.991913746630728,1.2126084922136
"762","{V37*1} => {V34*1}",0.736,0.899755501222494,1.2126084922136
"763","{V34*1} => {V23*2}",0.656,0.884097035040431,1.00010976814528
"764","{V23*2} => {V34*1}",0.656,0.742081447963801,1.00010976814528
"765","{V34*1} => {V3*1}",0.656,0.884097035040431,0.993367455101608
"766","{V3*1} => {V34*1}",0.656,0.737078651685393,0.993367455101608
"767","{V34*1} => {V28*0}",0.662,0.892183288409704,1.00020548027994
"768","{V28*0} => {V34*1}",0.662,0.742152466367713,1.00020548027994
"769","{V34*1} => {V29*0}",0.672,0.905660377358491,0.999625140572285
"770","{V29*0} => {V34*1}",0.672,0.741721854304636,0.999625140572285
"771","{V34*1} => {V9*1}",0.678,0.913746630727763,1.0063288884667
"772","{V9*1} => {V34*1}",0.678,0.746696035242291,1.0063288884667
"773","{V34*1} => {V24*1}",0.708,0.954177897574124,1.00651676959296
"774","{V24*1} => {V34*1}",0.708,0.746835443037975,1.00651676959296
"775","{V34*1} => {V11*1}",0.718,0.967654986522911,1.01858419633991
"776","{V11*1} => {V34*1}",0.718,0.755789473684211,1.01858419633991
"777","{V34*1} => {V36*1}",0.722,0.973045822102426,1.01996417411156
"778","{V36*1} => {V34*1}",0.722,0.756813417190776,1.01996417411156
"779","{V34*1} => {V6*1}",0.706,0.951482479784367,0.99736108992072
"780","{V6*1} => {V34*1}",0.706,0.740041928721174,0.99736108992072
"781","{V34*1} => {V25*2}",0.704,0.948787061994609,0.994535704396865
"782","{V25*2} => {V34*1}",0.704,0.737945492662474,0.994535704396865
"783","{V34*1} => {V27*1}",0.71,0.956873315363881,0.990552086298014
"784","{V27*1} => {V34*1}",0.71,0.734989648033126,0.990552086298014
"785","{V34*1} => {V17*1}",0.728,0.981132075471698,1.00115517905275
"786","{V17*1} => {V34*1}",0.728,0.742857142857143,1.00115517905275
"787","{V34*1} => {V26*1}",0.732,0.986522911051213,0.996487788940619
"788","{V26*1} => {V34*1}",0.732,0.739393939393939,0.996487788940619
"789","{V34*1} => {V20*1}",0.738,0.994609164420485,1.0006128414693
"790","{V20*1} => {V34*1}",0.738,0.742454728370221,1.0006128414693
"791","{V34*1} => {V30*1}",0.74,0.997304582210243,0.999303188587417
"792","{V30*1} => {V34*1}",0.74,0.741482965931864,0.999303188587417
"793","{V21*2} => {V2*2}",0.728,0.981132075471698,1.27089647081826
"794","{V2*2} => {V21*2}",0.728,0.94300518134715,1.27089647081826
"795","{V21*2} => {V1*2}",0.728,0.981132075471698,1.23880312559558
"796","{V1*2} => {V21*2}",0.728,0.919191919191919,1.23880312559558
"797","{V21*2} => {V31*1}",0.586,0.789757412398922,0.994656690678743
"798","{V31*1} => {V21*2}",0.586,0.738035264483627,0.994656690678743
"799","{V21*2} => {V22*2}",0.742,1,1.24688279301746
"800","{V22*2} => {V21*2}",0.742,0.925187032418953,1.24688279301746
"801","{V21*2} => {V37*1}",0.6,0.808625336927224,0.988539531695873
"802","{V37*1} => {V21*2}",0.6,0.733496332518337,0.988539531695873
"803","{V21*2} => {V23*2}",0.742,1,1.13122171945701
"804","{V23*2} => {V21*2}",0.742,0.839366515837104,1.13122171945701
"805","{V21*2} => {V3*1}",0.662,0.892183288409704,1.00245313304461
"806","{V3*1} => {V21*2}",0.662,0.743820224719101,1.00245313304461
"807","{V21*2} => {V28*0}",0.7,0.943396226415094,1.0576190879093
"808","{V28*0} => {V21*2}",0.7,0.7847533632287,1.0576190879093
"809","{V21*2} => {V29*0}",0.742,1,1.1037527593819
"810","{V29*0} => {V21*2}",0.742,0.818984547461369,1.1037527593819
"811","{V21*2} => {V9*1}",0.676,0.911051212938005,1.00336036667181
"812","{V9*1} => {V21*2}",0.676,0.744493392070485,1.00336036667181
"813","{V21*2} => {V24*1}",0.742,1,1.05485232067511
"814","{V24*1} => {V21*2}",0.742,0.782700421940928,1.05485232067511
"815","{V21*2} => {V11*1}",0.71,0.956873315363881,1.00723506880409
"816","{V11*1} => {V21*2}",0.71,0.747368421052632,1.00723506880409
"817","{V21*2} => {V36*1}",0.714,0.962264150943396,1.00866263201614
"818","{V36*1} => {V21*2}",0.714,0.748427672955975,1.00866263201614
"819","{V21*2} => {V6*1}",0.71,0.956873315363881,1.00301186096843
"820","{V6*1} => {V21*2}",0.71,0.744234800838574,1.00301186096843
"821","{V21*2} => {V25*2}",0.742,1,1.0482180293501
"822","{V25*2} => {V21*2}",0.742,0.777777777777778,1.0482180293501
"823","{V21*2} => {V27*1}",0.742,1,1.0351966873706
"824","{V27*1} => {V21*2}",0.742,0.768115942028985,1.0351966873706
"825","{V21*2} => {V17*1}",0.728,0.981132075471698,1.00115517905275
"826","{V17*1} => {V21*2}",0.728,0.742857142857143,1.00115517905275
"827","{V21*2} => {V26*1}",0.742,1,1.01010101010101
"828","{V26*1} => {V21*2}",0.742,0.74949494949495,1.01010101010101
"829","{V21*2} => {V20*1}",0.738,0.994609164420485,1.0006128414693
"830","{V20*1} => {V21*2}",0.738,0.742454728370221,1.0006128414693
"831","{V21*2} => {V30*1}",0.742,1,1.00200400801603
"832","{V30*1} => {V21*2}",0.742,0.743486973947896,1.00200400801603
"833","{V2*2} => {V1*2}",0.744,0.963730569948187,1.21683152771236
"834","{V1*2} => {V2*2}",0.744,0.939393939393939,1.21683152771236
"835","{V2*2} => {V31*1}",0.61,0.790155440414508,0.9951579854087
"836","{V31*1} => {V2*2}",0.61,0.768261964735516,0.9951579854087
"837","{V2*2} => {V22*2}",0.756,0.979274611398964,1.22104066259222
"838","{V22*2} => {V2*2}",0.756,0.942643391521197,1.22104066259222
"839","{V2*2} => {V37*1}",0.622,0.805699481865285,0.984962691766852
"840","{V37*1} => {V2*2}",0.622,0.76039119804401,0.984962691766852
"841","{V2*2} => {V23*2}",0.768,0.994818652849741,1.12536046702459
"842","{V23*2} => {V2*2}",0.768,0.868778280542986,1.12536046702459
"843","{V2*2} => {V3*1}",0.694,0.898963730569948,1.01007160738196
"844","{V3*1} => {V2*2}",0.694,0.779775280898876,1.01007160738196
"845","{V2*2} => {V28*0}",0.714,0.924870466321243,1.03685029856642
"846","{V28*0} => {V2*2}",0.714,0.800448430493274,1.03685029856642
"847","{V2*2} => {V29*0}",0.762,0.987046632124352,1.08945544384586
"848","{V29*0} => {V2*2}",0.762,0.841059602649007,1.08945544384586
"849","{V2*2} => {V9*1}",0.706,0.914507772020725,1.00716714980256
"850","{V9*1} => {V2*2}",0.706,0.777533039647577,1.00716714980256
"851","{V2*2} => {V24*1}",0.77,0.99740932642487,1.05211954264227
"852","{V24*1} => {V2*2}",0.77,0.812236286919831,1.05211954264227
"853","{V2*2} => {V11*1}",0.742,0.961139896373057,1.01172620670848
"854","{V11*1} => {V2*2}",0.742,0.781052631578947,1.01172620670848
"855","{V2*2} => {V36*1}",0.746,0.966321243523316,1.01291534960515
"856","{V36*1} => {V2*2}",0.746,0.781970649895178,1.01291534960515
"857","{V2*2} => {V6*1}",0.738,0.955958549222798,1.00205298660671
"858","{V6*1} => {V2*2}",0.738,0.773584905660377,1.00205298660671
"859","{V2*2} => {V25*2}",0.772,1,1.0482180293501
"860","{V25*2} => {V2*2}",0.772,0.809224318658281,1.0482180293501
"861","{V2*2} => {V27*1}",0.77,0.99740932642487,1.03251483066757
"862","{V27*1} => {V2*2}",0.77,0.797101449275362,1.03251483066757
"863","{V2*2} => {V17*1}",0.758,0.981865284974093,1.00190335201438
"864","{V17*1} => {V2*2}",0.758,0.773469387755102,1.00190335201438
"865","{V2*2} => {V26*1}",0.772,1,1.01010101010101
"866","{V26*1} => {V2*2}",0.772,0.77979797979798,1.01010101010101
"867","{V2*2} => {V20*1}",0.766,0.992227979274611,0.998217282972446
"868","{V20*1} => {V2*2}",0.766,0.770623742454728,0.998217282972446
"869","{V2*2} => {V30*1}",0.772,1,1.00200400801603
"870","{V30*1} => {V2*2}",0.772,0.773547094188377,1.00200400801603
"871","{V1*2} => {V31*1}",0.626,0.79040404040404,0.995471083632293
"872","{V31*1} => {V1*2}",0.626,0.788413098236776,0.995471083632293
"873","{V1*2} => {V22*2}",0.788,0.994949494949495,1.24058540517393
"874","{V22*2} => {V1*2}",0.788,0.982543640897756,1.24058540517393
"875","{V1*2} => {V37*1}",0.646,0.815656565656566,0.997135165839322
"876","{V37*1} => {V1*2}",0.646,0.789731051344743,0.997135165839322
"877","{V1*2} => {V23*2}",0.792,1,1.13122171945701
"878","{V23*2} => {V1*2}",0.792,0.895927601809955,1.13122171945701
"879","{V1*2} => {V3*1}",0.706,0.891414141414141,1.00158892293724
"880","{V3*1} => {V1*2}",0.706,0.793258426966292,1.00158892293724
"881","{V1*2} => {V28*0}",0.708,0.893939393939394,1.00217420845224
"882","{V28*0} => {V1*2}",0.708,0.79372197309417,1.00217420845224
"883","{V1*2} => {V29*0}",0.754,0.952020202020202,1.05079492496711
"884","{V29*0} => {V1*2}",0.754,0.832229580573951,1.05079492496711
"885","{V1*2} => {V9*1}",0.718,0.906565656565657,0.998420326614159
"886","{V9*1} => {V1*2}",0.718,0.790748898678414,0.998420326614159
"887","{V1*2} => {V24*1}",0.792,1,1.05485232067511
"888","{V24*1} => {V1*2}",0.792,0.835443037974684,1.05485232067511
"889","{V1*2} => {V11*1}",0.758,0.957070707070707,1.00744284954811
"890","{V11*1} => {V1*2}",0.758,0.797894736842105,1.00744284954811
"891","{V1*2} => {V36*1}",0.762,0.962121212121212,1.00851280096563
"892","{V36*1} => {V1*2}",0.762,0.79874213836478,1.00851280096563
"893","{V1*2} => {V6*1}",0.762,0.962121212121212,1.00851280096563
"894","{V6*1} => {V1*2}",0.762,0.79874213836478,1.00851280096563
"895","{V1*2} => {V25*2}",0.792,1,1.0482180293501
"896","{V25*2} => {V1*2}",0.792,0.830188679245283,1.0482180293501
"897","{V1*2} => {V27*1}",0.79,0.997474747474748,1.03258255432168
"898","{V27*1} => {V1*2}",0.79,0.817805383022774,1.03258255432168
"899","{V1*2} => {V17*1}",0.774,0.977272727272727,0.99721706864564
"900","{V17*1} => {V1*2}",0.774,0.789795918367347,0.99721706864564
"901","{V1*2} => {V26*1}",0.792,1,1.01010101010101
"902","{V26*1} => {V1*2}",0.792,0.8,1.01010101010101
"903","{V1*2} => {V20*1}",0.788,0.994949494949495,1.00095522630734
"904","{V20*1} => {V1*2}",0.788,0.792756539235412,1.00095522630734
"905","{V1*2} => {V30*1}",0.792,1,1.00200400801603
"906","{V30*1} => {V1*2}",0.792,0.793587174348697,1.00200400801603
"907","{V31*1} => {V22*2}",0.634,0.798488664987406,0.995621776792276
"908","{V22*2} => {V31*1}",0.634,0.790523690773067,0.995621776792276
"909","{V31*1} => {V37*1}",0.648,0.816120906801008,0.997702820050131
"910","{V37*1} => {V31*1}",0.648,0.792176039119804,0.997702820050131
"911","{V31*1} => {V23*2}",0.698,0.879093198992443,0.994449320127198
"912","{V23*2} => {V31*1}",0.698,0.789592760180995,0.994449320127198
"913","{V31*1} => {V3*1}",0.716,0.90176322418136,1.01321710582175
"914","{V3*1} => {V31*1}",0.716,0.804494382022472,1.01321710582175
"915","{V31*1} => {V28*0}",0.706,0.889168765743073,0.996825970563983
"916","{V28*0} => {V31*1}",0.706,0.791479820627803,0.996825970563983
"917","{V31*1} => {V29*0}",0.716,0.90176322418136,0.995323646999294
"918","{V29*0} => {V31*1}",0.716,0.790286975717439,0.995323646999294
"919","{V31*1} => {V9*1}",0.718,0.904282115869018,0.995905413952663
"920","{V9*1} => {V31*1}",0.718,0.790748898678414,0.995905413952663
"921","{V31*1} => {V24*1}",0.752,0.947103274559194,0.999054087087757
"922","{V24*1} => {V31*1}",0.752,0.793248945147679,0.999054087087757
"923","{V31*1} => {V11*1}",0.756,0.952141057934509,1.00225374519422
"924","{V11*1} => {V31*1}",0.756,0.79578947368421,1.00225374519422
"925","{V31*1} => {V36*1}",0.756,0.952141057934509,0.998051423411435
"926","{V36*1} => {V31*1}",0.756,0.792452830188679,0.998051423411435
"927","{V31*1} => {V6*1}",0.76,0.957178841309824,1.0033321187734
"928","{V6*1} => {V31*1}",0.76,0.79664570230608,1.0033321187734
"929","{V31*1} => {V25*2}",0.758,0.954659949622166,1.00069177109242
"930","{V25*2} => {V31*1}",0.758,0.794549266247379,1.00069177109242
"931","{V31*1} => {V27*1}",0.768,0.967254408060453,1.00129855906879
"932","{V27*1} => {V31*1}",0.768,0.795031055900621,1.00129855906879
"933","{V31*1} => {V17*1}",0.78,0.982367758186398,1.00241607978204
"934","{V17*1} => {V31*1}",0.78,0.795918367346939,1.00241607978204
"935","{V31*1} => {V26*1}",0.79,0.994962216624685,1.00501234002493
"936","{V26*1} => {V31*1}",0.79,0.797979797979798,1.00501234002493
"937","{V31*1} => {V20*1}",0.792,0.997481108312343,1.00350212103857
"938","{V20*1} => {V31*1}",0.792,0.796780684104628,1.00350212103857
"939","{V31*1} => {V30*1}",0.792,0.997481108312343,0.999480068449241
"940","{V30*1} => {V31*1}",0.792,0.793587174348697,0.999480068449241
"941","{V22*2} => {V37*1}",0.652,0.812967581047382,0.993847898590931
"942","{V37*1} => {V22*2}",0.652,0.797066014669927,0.993847898590931
"943","{V22*2} => {V23*2}",0.802,1,1.13122171945701
"944","{V23*2} => {V22*2}",0.802,0.907239819004525,1.13122171945701
"945","{V22*2} => {V3*1}",0.716,0.892768079800499,1.00311020202303
"946","{V3*1} => {V22*2}",0.716,0.804494382022472,1.00311020202303
"947","{V22*2} => {V28*0}",0.718,0.895261845386534,1.00365677733916
"948","{V28*0} => {V22*2}",0.718,0.804932735426009,1.00365677733916
"949","{V22*2} => {V29*0}",0.764,0.952618453865337,1.05145524709198
"950","{V29*0} => {V22*2}",0.764,0.84326710816777,1.05145524709198
"951","{V22*2} => {V9*1}",0.728,0.907730673316708,0.999703384710031
"952","{V9*1} => {V22*2}",0.728,0.801762114537445,0.999703384710031
"953","{V22*2} => {V24*1}",0.802,1,1.05485232067511
"954","{V24*1} => {V22*2}",0.802,0.845991561181435,1.05485232067511
"955","{V22*2} => {V11*1}",0.766,0.955112219451372,1.00538128363302
"956","{V11*1} => {V22*2}",0.766,0.806315789473684,1.00538128363302
"957","{V22*2} => {V36*1}",0.77,0.960099750623441,1.00639386857803
"958","{V36*1} => {V22*2}",0.77,0.807127882599581,1.00639386857803
"959","{V22*2} => {V6*1}",0.768,0.957605985037406,1.00377985852978
"960","{V6*1} => {V22*2}",0.768,0.805031446540881,1.00377985852978
"961","{V22*2} => {V25*2}",0.802,1,1.0482180293501
"962","{V25*2} => {V22*2}",0.802,0.840670859538784,1.0482180293501
"963","{V22*2} => {V27*1}",0.802,1,1.0351966873706
"964","{V27*1} => {V22*2}",0.802,0.830227743271222,1.0351966873706
"965","{V22*2} => {V17*1}",0.784,0.977556109725686,0.997506234413965
"966","{V17*1} => {V22*2}",0.784,0.8,0.997506234413965
"967","{V22*2} => {V26*1}",0.802,1,1.01010101010101
"968","{V26*1} => {V22*2}",0.802,0.81010101010101,1.01010101010101
"969","{V22*2} => {V20*1}",0.798,0.99501246882793,1.00101858030979
"970","{V20*1} => {V22*2}",0.798,0.802816901408451,1.00101858030979
"971","{V22*2} => {V30*1}",0.802,1,1.00200400801603
"972","{V30*1} => {V22*2}",0.802,0.803607214428858,1.00200400801603
"973","{V37*1} => {V23*2}",0.72,0.880195599022005,0.995696378984168
"974","{V23*2} => {V37*1}",0.72,0.81447963800905,0.995696378984168
"975","{V37*1} => {V3*1}",0.722,0.882640586797066,0.991730996401198
"976","{V3*1} => {V37*1}",0.722,0.81123595505618,0.991730996401198
"977","{V37*1} => {V28*0}",0.728,0.889975550122249,0.997730437356782
"978","{V28*0} => {V37*1}",0.728,0.816143497757848,0.997730437356782
"979","{V37*1} => {V29*0}",0.74,0.904645476772616,0.998504941250128
"980","{V29*0} => {V37*1}",0.74,0.816777041942605,0.998504941250128
"981","{V37*1} => {V9*1}",0.742,0.907090464547677,0.998998308973213
"982","{V9*1} => {V37*1}",0.742,0.817180616740088,0.998998308973213
"983","{V37*1} => {V24*1}",0.778,0.951100244498778,1.0032703001042
"984","{V24*1} => {V37*1}",0.778,0.820675105485232,1.0032703001042
"985","{V37*1} => {V11*1}",0.774,0.946210268948655,0.996010809419637
"986","{V11*1} => {V37*1}",0.774,0.814736842105263,0.996010809419637
"987","{V37*1} => {V36*1}",0.776,0.948655256723716,0.994397543735552
"988","{V36*1} => {V37*1}",0.776,0.813417190775681,0.994397543735552
"989","{V37*1} => {V6*1}",0.784,0.958435207823961,1.00464906480499
"990","{V6*1} => {V37*1}",0.784,0.821802935010482,1.00464906480499
"991","{V37*1} => {V25*2}",0.776,0.948655256723716,0.994397543735552
"992","{V25*2} => {V37*1}",0.776,0.813417190775681,0.994397543735552
"993","{V37*1} => {V27*1}",0.784,0.958435207823961,0.992168952198717
"994","{V27*1} => {V37*1}",0.784,0.811594202898551,0.992168952198717
"995","{V37*1} => {V17*1}",0.804,0.982885085574572,1.00294396487201
"996","{V17*1} => {V37*1}",0.804,0.820408163265306,1.00294396487201
"997","{V37*1} => {V26*1}",0.808,0.987775061124694,0.997752586994641
"998","{V26*1} => {V37*1}",0.808,0.816161616161616,0.997752586994641
"999","{V37*1} => {V20*1}",0.814,0.995110024449878,1.00111672479867
"1000","{V20*1} => {V37*1}",0.814,0.818913480885312,1.00111672479867
"1001","{V37*1} => {V30*1}",0.816,0.997555012224939,0.999554120465871
"1002","{V30*1} => {V37*1}",0.816,0.817635270541082,0.999554120465871
"1003","{V23*2} => {V3*1}",0.79,0.893665158371041,1.00411815547308
"1004","{V3*1} => {V23*2}",0.79,0.887640449438202,1.00411815547308
"1005","{V23*2} => {V28*0}",0.792,0.895927601809955,1.00440314104255
"1006","{V28*0} => {V23*2}",0.792,0.887892376681614,1.00440314104255
"1007","{V23*2} => {V29*0}",0.806,0.911764705882353,1.00636281002467
"1008","{V29*0} => {V23*2}",0.806,0.88962472406181,1.00636281002467
"1009","{V23*2} => {V9*1}",0.8,0.904977375565611,0.996671118464329
"1010","{V9*1} => {V23*2}",0.8,0.881057268722467,0.996671118464329
"1011","{V23*2} => {V24*1}",0.882,0.997737556561086,1.05246577696317
"1012","{V24*1} => {V23*2}",0.882,0.930379746835443,1.05246577696317
"1013","{V23*2} => {V11*1}",0.844,0.95475113122172,1.0050011907597
"1014","{V11*1} => {V23*2}",0.844,0.888421052631579,1.0050011907597
"1015","{V23*2} => {V36*1}",0.848,0.959276018099548,1.00553041729512
"1016","{V36*1} => {V23*2}",0.848,0.888888888888889,1.00553041729512
"1017","{V23*2} => {V6*1}",0.844,0.95475113122172,1.00078734928901
"1018","{V6*1} => {V23*2}",0.844,0.884696016771488,1.00078734928901
"1019","{V23*2} => {V25*2}",0.884,1,1.0482180293501
"1020","{V25*2} => {V23*2}",0.884,0.926624737945493,1.0482180293501
"1021","{V23*2} => {V27*1}",0.85,0.961538461538462,0.995381430164039
"1022","{V27*1} => {V23*2}",0.85,0.87991718426501,0.995381430164039
"1023","{V23*2} => {V17*1}",0.866,0.979638009049774,0.999630621479361
"1024","{V17*1} => {V23*2}",0.866,0.883673469387755,0.999630621479361
"1025","{V23*2} => {V26*1}",0.884,1,1.01010101010101
"1026","{V26*1} => {V23*2}",0.884,0.892929292929293,1.01010101010101
"1027","{V23*2} => {V20*1}",0.878,0.993212669683258,0.999207917186376
"1028","{V20*1} => {V23*2}",0.878,0.883299798792757,0.999207917186376
"1029","{V23*2} => {V30*1}",0.882,0.997737556561086,0.999737030622331
"1030","{V30*1} => {V23*2}",0.882,0.88376753507014,0.999737030622331
"1031","{V3*1} => {V28*0}",0.79,0.887640449438202,0.995112611477805
"1032","{V28*0} => {V3*1}",0.79,0.885650224215247,0.995112611477805
"1033","{V3*1} => {V29*0}",0.804,0.903370786516854,0.997097998362974
"1034","{V29*0} => {V3*1}",0.804,0.887417218543046,0.997097998362973
"1035","{V3*1} => {V9*1}",0.81,0.910112359550562,1.00232638717022
"1036","{V9*1} => {V3*1}",0.81,0.892070484581498,1.00232638717022
"1037","{V3*1} => {V24*1}",0.844,0.948314606741573,1.00033186365145
"1038","{V24*1} => {V3*1}",0.844,0.890295358649789,1.00033186365145
"1039","{V3*1} => {V11*1}",0.844,0.948314606741573,0.998225901833235
"1040","{V11*1} => {V3*1}",0.844,0.888421052631579,0.998225901833235
"1041","{V3*1} => {V36*1}",0.846,0.950561797752809,0.996396014415942
"1042","{V36*1} => {V3*1}",0.846,0.886792452830189,0.996396014415942
"1043","{V3*1} => {V6*1}",0.85,0.955056179775281,1.00110710668268
"1044","{V6*1} => {V3*1}",0.85,0.890985324947589,1.00110710668268
"1045","{V3*1} => {V25*2}",0.852,0.957303370786517,1.00346265281606
"1046","{V25*2} => {V3*1}",0.852,0.893081761006289,1.00346265281606
"1047","{V3*1} => {V27*1}",0.862,0.968539325842697,1.00262870170051
"1048","{V27*1} => {V3*1}",0.862,0.892339544513458,1.00262870170051
"1049","{V3*1} => {V17*1}",0.872,0.979775280898876,0.999770694794772
"1050","{V17*1} => {V3*1}",0.872,0.889795918367347,0.999770694794772
"1051","{V3*1} => {V26*1}",0.882,0.991011235955056,1.00102145045965
"1052","{V26*1} => {V3*1}",0.882,0.890909090909091,1.00102145045965
"1053","{V3*1} => {V20*1}",0.884,0.993258426966292,0.999253950670314
"1054","{V20*1} => {V3*1}",0.884,0.88933601609658,0.999253950670314
"1055","{V3*1} => {V30*1}",0.89,1,1.00200400801603
"1056","{V30*1} => {V3*1}",0.89,0.891783567134269,1.00200400801603
"1057","{V28*0} => {V29*0}",0.854,0.957399103139013,1.05673190191944
"1058","{V29*0} => {V28*0}",0.854,0.942604856512141,1.05673190191944
"1059","{V28*0} => {V9*1}",0.81,0.908071748878924,1.00007901858912
"1060","{V9*1} => {V28*0}",0.81,0.892070484581498,1.00007901858912
"1061","{V28*0} => {V24*1}",0.844,0.946188340807175,0.998088967096176
"1062","{V24*1} => {V28*0}",0.844,0.890295358649789,0.998088967096176
"1063","{V28*0} => {V11*1}",0.854,0.957399103139013,1.00778852962001
"1064","{V11*1} => {V28*0}",0.854,0.898947368421053,1.00778852962001
"1065","{V28*0} => {V36*1}",0.856,0.959641255605381,1.00591326583373
"1066","{V36*1} => {V28*0}",0.856,0.89727463312369,1.00591326583373
"1067","{V28*0} => {V6*1}",0.85,0.952914798206278,0.998862471914338
"1068","{V6*1} => {V28*0}",0.85,0.890985324947589,0.998862471914338
"1069","{V28*0} => {V25*2}",0.85,0.952914798206278,0.998862471914338
"1070","{V25*2} => {V28*0}",0.85,0.890985324947589,0.998862471914338
"1071","{V28*0} => {V27*1}",0.862,0.966367713004484,1.00038065528415
"1072","{V27*1} => {V28*0}",0.862,0.892339544513458,1.00038065528415
"1073","{V28*0} => {V17*1}",0.876,0.982062780269058,1.00210487782557
"1074","{V17*1} => {V28*0}",0.876,0.893877551020408,1.00210487782557
"1075","{V28*0} => {V26*1}",0.884,0.991031390134529,1.0010418082167
"1076","{V26*1} => {V28*0}",0.884,0.892929292929293,1.0010418082167
"1077","{V28*0} => {V20*1}",0.886,0.993273542600897,0.999269157546174
"1078","{V20*1} => {V28*0}",0.886,0.891348088531187,0.999269157546174
"1079","{V28*0} => {V30*1}",0.89,0.997757847533632,0.999757362258148
"1080","{V30*1} => {V28*0}",0.89,0.891783567134269,0.999757362258149
"1081","{V29*0} => {V9*1}",0.822,0.907284768211921,0.999212299792864
"1082","{V9*1} => {V29*0}",0.822,0.905286343612335,0.999212299792864
"1083","{V29*0} => {V24*1}",0.86,0.949227373068433,1.00129469732957
"1084","{V24*1} => {V29*0}",0.86,0.907172995780591,1.00129469732957
"1085","{V29*0} => {V11*1}",0.864,0.95364238410596,1.00383408853259
"1086","{V11*1} => {V29*0}",0.864,0.909473684210526,1.00383408853259
"1087","{V29*0} => {V36*1}",0.868,0.958057395143488,1.0042530347416
"1088","{V36*1} => {V29*0}",0.868,0.909853249475891,1.0042530347416
"1089","{V29*0} => {V6*1}",0.866,0.955849889624724,1.00193908765694
"1090","{V6*1} => {V29*0}",0.866,0.907756813417191,1.00193908765694
"1091","{V29*0} => {V25*2}",0.864,0.95364238410596,0.999625140572285
"1092","{V25*2} => {V29*0}",0.864,0.905660377358491,0.999625140572285
"1093","{V29*0} => {V27*1}",0.876,0.966887417218543,1.00091865136495
"1094","{V27*1} => {V29*0}",0.876,0.906832298136646,1.00091865136495
"1095","{V29*0} => {V17*1}",0.89,0.98233995584989,1.00238771005091
"1096","{V17*1} => {V29*0}",0.89,0.908163265306122,1.00238771005091
"1097","{V29*0} => {V26*1}",0.9,0.993377483443709,1.00341159943809
"1098","{V26*1} => {V29*0}",0.9,0.909090909090909,1.00341159943809
"1099","{V29*0} => {V20*1}",0.9,0.993377483443709,0.9993737257985
"1100","{V20*1} => {V29*0}",0.9,0.905432595573441,0.9993737257985
"1101","{V29*0} => {V30*1}",0.904,0.997792494481236,0.999792078638513
"1102","{V30*1} => {V29*0}",0.904,0.905811623246493,0.999792078638513
"1103","{V9*1} => {V24*1}",0.862,0.949339207048458,1.00141266566293
"1104","{V24*1} => {V9*1}",0.862,0.909282700421941,1.00141266566293
"1105","{V9*1} => {V11*1}",0.862,0.949339207048458,0.999304428472061
"1106","{V11*1} => {V9*1}",0.862,0.907368421052632,0.999304428472061
"1107","{V9*1} => {V36*1}",0.866,0.95374449339207,0.99973217336695
"1108","{V36*1} => {V9*1}",0.866,0.907756813417191,0.99973217336695
"1109","{V9*1} => {V6*1}",0.862,0.949339207048458,0.995114472797126
"1110","{V6*1} => {V9*1}",0.862,0.90356394129979,0.995114472797126
"1111","{V9*1} => {V25*2}",0.864,0.951541850220264,0.997423323082038
"1112","{V25*2} => {V9*1}",0.864,0.905660377358491,0.997423323082038
"1113","{V9*1} => {V27*1}",0.882,0.97136563876652,1.00555449147673
"1114","{V27*1} => {V9*1}",0.882,0.91304347826087,1.00555449147673
"1115","{V9*1} => {V17*1}",0.89,0.980176211453744,1.00017980760586
"1116","{V17*1} => {V9*1}",0.89,0.908163265306122,1.00017980760586
"1117","{V9*1} => {V26*1}",0.898,0.988986784140969,0.998976549637343
"1118","{V26*1} => {V9*1}",0.898,0.907070707070707,0.998976549637343
"1119","{V9*1} => {V20*1}",0.902,0.993392070484581,0.999388400889921
"1120","{V20*1} => {V9*1}",0.902,0.907444668008048,0.999388400889921
"1121","{V9*1} => {V30*1}",0.906,0.997797356828194,0.999796950729653
"1122","{V30*1} => {V9*1}",0.906,0.907815631262525,0.999796950729653
"1123","{V24*1} => {V11*1}",0.902,0.951476793248945,1.00155451920942
"1124","{V11*1} => {V24*1}",0.902,0.949473684210526,1.00155451920942
"1125","{V24*1} => {V36*1}",0.906,0.955696202531646,1.0017779900751
"1126","{V36*1} => {V24*1}",0.906,0.949685534591195,1.0017779900751
"1127","{V24*1} => {V6*1}",0.904,0.953586497890295,0.999566559633433
"1128","{V6*1} => {V24*1}",0.904,0.947589098532495,0.999566559633433
"1129","{V24*1} => {V25*2}",0.908,0.957805907172996,1.00398942051677
"1130","{V25*2} => {V24*1}",0.908,0.951781970649895,1.00398942051677
"1131","{V24*1} => {V27*1}",0.914,0.964135021097046,0.998069380017646
"1132","{V27*1} => {V24*1}",0.914,0.946169772256729,0.998069380017646
"1133","{V24*1} => {V17*1}",0.93,0.981012658227848,1.00103332472229
"1134","{V17*1} => {V24*1}",0.93,0.948979591836735,1.00103332472229
"1135","{V24*1} => {V26*1}",0.938,0.989451476793249,0.999445936154797
"1136","{V26*1} => {V24*1}",0.938,0.947474747474747,0.999445936154797
"1137","{V24*1} => {V20*1}",0.942,0.993670886075949,0.999668899472786
"1138","{V20*1} => {V24*1}",0.942,0.947686116700201,0.999668899472786
"1139","{V24*1} => {V30*1}",0.946,0.99789029535865,0.999890075509669
"1140","{V30*1} => {V24*1}",0.946,0.947895791583166,0.999890075509669
"1141","{V11*1} => {V36*1}",0.946,0.995789473684211,1.04380447975284
"1142","{V36*1} => {V11*1}",0.946,0.991614255765199,1.04380447975284
"1143","{V11*1} => {V6*1}",0.906,0.953684210526316,0.999668983780205
"1144","{V6*1} => {V11*1}",0.906,0.949685534591195,0.999668983780205
"1145","{V11*1} => {V25*2}",0.91,0.957894736842105,1.00408253337747
"1146","{V25*2} => {V11*1}",0.91,0.953878406708595,1.00408253337747
"1147","{V11*1} => {V27*1}",0.918,0.966315789473684,1.00032690421706
"1148","{V27*1} => {V11*1}",0.918,0.950310559006211,1.00032690421706
"1149","{V11*1} => {V17*1}",0.93,0.978947368421053,0.998925886143931
"1150","{V17*1} => {V11*1}",0.93,0.948979591836735,0.998925886143931
"1151","{V11*1} => {V26*1}",0.942,0.991578947368421,1.00159489633174
"1152","{V26*1} => {V11*1}",0.942,0.951515151515152,1.00159489633174
"1153","{V11*1} => {V20*1}",0.944,0.993684210526316,0.99968230435243
"1154","{V20*1} => {V11*1}",0.944,0.949698189134809,0.99968230435243
"1155","{V11*1} => {V30*1}",0.948,0.997894736842105,0.999894525893893
"1156","{V30*1} => {V11*1}",0.948,0.949899799599198,0.999894525893893
"1157","{V36*1} => {V6*1}",0.91,0.953878406708595,0.999872543719702
"1158","{V6*1} => {V36*1}",0.91,0.953878406708595,0.999872543719702
"1159","{V36*1} => {V25*2}",0.914,0.958071278825996,1.00426758786792
"1160","{V25*2} => {V36*1}",0.914,0.958071278825996,1.00426758786792
"1161","{V36*1} => {V27*1}",0.922,0.966457023060797,1.00047310875859
"1162","{V27*1} => {V36*1}",0.922,0.954451345755694,1.00047310875859
"1163","{V36*1} => {V17*1}",0.934,0.979035639412998,0.999015958584692
"1164","{V17*1} => {V36*1}",0.934,0.953061224489796,0.999015958584692
"1165","{V36*1} => {V26*1}",0.946,0.991614255765199,1.00163056137899
"1166","{V26*1} => {V36*1}",0.946,0.955555555555556,1.00163056137899
"1167","{V36*1} => {V20*1}",0.948,0.993710691823899,0.999708945496881
"1168","{V20*1} => {V36*1}",0.948,0.953722334004024,0.999708945496881
"1169","{V36*1} => {V30*1}",0.952,0.9979035639413,0.999903370682665
"1170","{V30*1} => {V36*1}",0.952,0.953907815631262,0.999903370682665
"1171","{V6*1} => {V25*2}",0.912,0.955974842767296,1.00207006579381
"1172","{V25*2} => {V6*1}",0.912,0.955974842767296,1.00207006579381
"1173","{V6*1} => {V27*1}",0.922,0.966457023060797,1.00047310875859
"1174","{V27*1} => {V6*1}",0.922,0.954451345755694,1.00047310875859
"1175","{V6*1} => {V17*1}",0.934,0.979035639412998,0.999015958584692
"1176","{V17*1} => {V6*1}",0.934,0.953061224489796,0.999015958584692
"1177","{V6*1} => {V26*1}",0.944,0.989517819706499,0.999512949198484
"1178","{V26*1} => {V6*1}",0.944,0.953535353535354,0.999512949198484
"1179","{V6*1} => {V20*1}",0.95,0.9958071278826,1.00181803609919
"1180","{V20*1} => {V6*1}",0.95,0.955734406438632,1.00181803609919
"1181","{V6*1} => {V30*1}",0.952,0.9979035639413,0.999903370682665
"1182","{V30*1} => {V6*1}",0.952,0.953907815631262,0.999903370682665
"1183","{V25*2} => {V27*1}",0.92,0.964360587002096,0.998302885095338
"1184","{V27*1} => {V25*2}",0.92,0.952380952380952,0.998302885095338
"1185","{V25*2} => {V17*1}",0.934,0.979035639412998,0.999015958584692
"1186","{V17*1} => {V25*2}",0.934,0.953061224489796,0.999015958584692
"1187","{V25*2} => {V26*1}",0.954,1,1.01010101010101
"1188","{V26*1} => {V25*2}",0.954,0.963636363636364,1.01010101010101
"1189","{V25*2} => {V20*1}",0.948,0.993710691823899,0.999708945496881
"1190","{V20*1} => {V25*2}",0.948,0.953722334004024,0.999708945496881
"1191","{V25*2} => {V30*1}",0.952,0.9979035639413,0.999903370682665
"1192","{V30*1} => {V25*2}",0.952,0.953907815631262,0.999903370682665
"1193","{V27*1} => {V17*1}",0.946,0.979296066252588,0.999281700257743
"1194","{V17*1} => {V27*1}",0.946,0.96530612244898,0.999281700257743
"1195","{V27*1} => {V26*1}",0.956,0.989648033126294,0.999644477905347
"1196","{V26*1} => {V27*1}",0.956,0.965656565656566,0.999644477905347
"1197","{V27*1} => {V20*1}",0.96,0.993788819875776,0.999787545146656
"1198","{V20*1} => {V27*1}",0.96,0.96579476861167,0.999787545146656
"1199","{V27*1} => {V30*1}",0.966,1,1.00200400801603
"1200","{V30*1} => {V27*1}",0.966,0.967935871743487,1.00200400801603
"1201","{V17*1} => {V26*1}",0.97,0.989795918367347,0.999793856936714
"1202","{V26*1} => {V17*1}",0.97,0.97979797979798,0.999793856936714
"1203","{V17*1} => {V20*1}",0.974,0.993877551020408,0.999876811891759
"1204","{V20*1} => {V17*1}",0.974,0.979879275653924,0.999876811891759
"1205","{V17*1} => {V30*1}",0.978,0.997959183673469,0.999959101877224
"1206","{V30*1} => {V17*1}",0.978,0.979959919839679,0.999959101877224
"1207","{V26*1} => {V20*1}",0.984,0.993939393939394,0.999939028108042
"1208","{V20*1} => {V26*1}",0.984,0.989939637826962,0.999939028108042
"1209","{V26*1} => {V30*1}",0.988,0.997979797979798,0.999979757494788
"1210","{V30*1} => {V26*1}",0.988,0.98997995991984,0.999979757494788
"1211","{V20*1} => {V30*1}",0.992,0.997987927565392,0.999987903372137
"1212","{V30*1} => {V20*1}",0.992,0.993987975951904,0.999987903372137
